-- phpMyAdmin SQL Dump
-- version 4.6.6
-- https://www.phpmyadmin.net/
--
-- Host: localhost
-- Generation Time: Aug 14, 2018 at 05:29 PM
-- Server version: 5.7.17-log
-- PHP Version: 5.6.30

SET SQL_MODE = "NO_AUTO_VALUE_ON_ZERO";
SET time_zone = "+00:00";


/*!40101 SET @OLD_CHARACTER_SET_CLIENT=@@CHARACTER_SET_CLIENT */;
/*!40101 SET @OLD_CHARACTER_SET_RESULTS=@@CHARACTER_SET_RESULTS */;
/*!40101 SET @OLD_COLLATION_CONNECTION=@@COLLATION_CONNECTION */;
/*!40101 SET NAMES utf8mb4 */;

--
-- Database: `pccstaca_pccst`
--

-- --------------------------------------------------------

--
-- Table structure for table `config`
--

CREATE TABLE `config` (
  `meta` varchar(100) COLLATE utf8_unicode_ci NOT NULL,
  `value` varchar(500) COLLATE utf8_unicode_ci DEFAULT NULL
) ENGINE=InnoDB DEFAULT CHARSET=utf8 COLLATE=utf8_unicode_ci;

--
-- Dumping data for table `config`
--

INSERT INTO `config` (`meta`, `value`) VALUES
('passAdmin', '21232f297a57a5a743894a0e4a801fc3'),
('userAdmin', '21232f297a57a5a743894a0e4a801fc3');

-- --------------------------------------------------------

--
-- Table structure for table `contest`
--

CREATE TABLE `contest` (
  `code` varchar(10) CHARACTER SET utf8 NOT NULL,
  `contest_name` varchar(200) CHARACTER SET utf8 NOT NULL,
  `education` varchar(50) CHARACTER SET utf8 NOT NULL,
  `type` varchar(50) CHARACTER SET utf8 NOT NULL,
  `person` int(11) NOT NULL,
  `teacher_person` int(11) NOT NULL,
  `platform` varchar(50) CHARACTER SET utf8 NOT NULL,
  `date_start` datetime NOT NULL,
  `date_end` datetime NOT NULL,
  `updatetime` datetime DEFAULT CURRENT_TIMESTAMP
) ENGINE=InnoDB DEFAULT CHARSET=utf8 COLLATE=utf8_unicode_ci;

--
-- Dumping data for table `contest`
--

INSERT INTO `contest` (`code`, `contest_name`, `education`, `type`, `person`, `teacher_person`, `platform`, `date_start`, `date_end`, `updatetime`) VALUES
('11205', 'การแข่งขันเครื่องบินพลังยาง(บินไกล)', 'ม.ต้น', 'ทีม (2 คน)', 2, 1, 'ภาคปฏิบัติ', '2018-07-20 22:21:00', '2018-07-20 22:21:00', '2018-08-01 21:53:31'),
('11301', 'ทดสอบความรู้ทางฟิสิกส์', 'ม.ปลาย', 'บุคคล', 1, 1, 'แบบทดสอบ', '2018-07-20 22:21:00', '2018-07-20 22:21:00', '2018-08-01 21:53:31'),
('11302', 'ทดสอบความรู้ทางเคมี', 'ม.ปลาย', 'บุคคล', 1, 1, 'แบบทดสอบ', '2018-07-20 22:21:00', '2018-07-20 22:21:00', '2018-08-01 21:53:31'),
('11303', 'ทดสอบความรู้ทางชีววิทยา', 'ม.ปลาย', 'บุคคล', 1, 1, 'แบบทดสอบ', '2018-07-20 22:21:00', '2018-07-20 22:21:00', '2018-08-01 21:53:31'),
('11304', 'การแข่งขันเรือพลังงานทางเลือก', 'ม.ปลาย', 'ทีม (2 คน)', 2, 1, 'ภาคปฏิบัติ', '2018-07-20 22:21:00', '2018-07-20 22:21:00', '2018-08-01 21:53:31'),
('12101', 'ทดสอบความรู้ทางคณิตศาสตร์', 'ประถมศึกษา', 'บุคคล', 1, 1, 'แบบทดสอบ', '2018-07-20 22:21:00', '2018-07-20 22:21:00', '2018-08-01 21:53:31'),
('12102', 'คิดเลขเร็ว', 'ประถมศึกษา', 'บุคคล', 1, 1, 'แบบทดสอบ', '2018-07-20 22:21:00', '2018-07-20 22:21:00', '2018-08-01 21:53:31'),
('12201', 'ทดสอบความรู้ทางคณิตศาสตร์', 'ม.ต้น', 'บุคคล', 1, 1, 'แบบทดสอบ', '2018-07-20 22:21:00', '2018-07-20 22:21:00', '2018-08-01 21:53:31'),
('12202', 'คิดเลขเร็ว', 'ม.ต้น', 'บุคคล', 1, 1, 'ภาคปฏิบัติ', '2018-07-20 22:21:00', '2018-07-20 22:21:00', '2018-08-01 21:53:31'),
('12301', 'ทดสอบความรู้ทางคณิตศาสตร์', 'ม.ปลาย', 'บุคคล', 1, 1, 'แบบทดสอบ', '2018-07-20 22:21:00', '2018-07-20 22:21:00', '2018-08-01 21:53:31'),
('12302', 'คิดเลขเร็ว', 'ม.ปลาย', 'บุคคล', 1, 1, 'ภาคปฏิบัติ', '2018-07-20 22:21:00', '2018-07-20 22:21:00', '2018-08-01 21:53:31'),
('13101', 'ทดสอบความรู้ทางภาษาไทย', 'ประถมศึกษา', 'บุคคล', 1, 1, 'แบบทดสอบ', '2018-07-20 22:21:00', '2018-07-20 22:21:00', '2018-08-01 21:53:31'),
('13201', 'ทดสอบความรู้ทางภาษาไทย', 'ม.ต้น', 'บุคคล', 1, 1, 'แบบทดสอบ', '2018-07-20 22:21:00', '2018-07-20 22:21:00', '2018-08-01 21:53:31'),
('13301', 'ทดสอบความรู้ทางภาษาไทย', 'ม.ปลาย', 'บุคคล', 1, 1, 'แบบทดสอบ', '2018-07-20 22:21:00', '2018-07-20 22:21:00', '2018-08-01 21:53:31'),
('14101', 'ทดสอบความรู้ทางสังคมศึกษา', 'ประถมศึกษา', 'บุคคล', 1, 1, 'แบบทดสอบ', '2018-07-20 22:21:00', '2018-07-20 22:21:00', '2018-08-01 21:53:31'),
('14201', 'ทดสอบความรู้ทางสังคมศึกษา', 'ม.ต้น', 'บุคคล', 1, 1, 'แบบทดสอบ', '2018-07-20 22:21:00', '2018-07-20 22:21:00', '2018-08-01 21:53:31'),
('14301', 'ทดสอบความรู้ทางสังคมศึกษา', 'ม.ปลาย', 'บุคคล', 1, 1, 'แบบทดสอบ', '2018-07-20 22:21:00', '2018-07-20 22:21:00', '2018-08-01 21:53:31'),
('15101', 'ทดสอบความรู้ทางสุขศึกษา', 'ประถมศึกษา', 'บุคคล', 1, 1, 'แบบทดสอบ', '2018-07-20 22:21:00', '2018-07-20 22:21:00', '2018-08-01 21:53:31'),
('15201', 'ทดสอบความรู้ทางสุขศึกษา', 'ม.ต้น', 'บุคคล', 1, 1, 'แบบทดสอบ', '2018-07-20 22:21:00', '2018-07-20 22:21:00', '2018-08-01 21:53:31'),
('15301', 'ทดสอบความรู้ทางสุขศึกษา', 'ม.ปลาย', 'บุคคล', 1, 1, 'แบบทดสอบ', '2018-07-20 22:21:00', '2018-07-20 22:21:00', '2018-08-01 21:53:31'),
('16101', 'ขับร้องเพลงไทยลูกทุ่ง ', 'ประถมศึกษา', 'บุคคล', 1, 1, 'ภาคปฏิบัติ', '2018-07-20 22:21:00', '2018-07-20 22:21:00', '2018-08-01 21:53:31'),
('16102', 'วาดภาพด้วยสีไม้', 'ประถมศึกษา', 'บุคคล', 1, 1, 'ภาคปฏิบัติ', '2018-07-20 22:21:00', '2018-07-20 22:21:00', '2018-08-01 21:53:31'),
('16201', 'ขับร้องเพลงไทยลูกทุ่ง ', 'ม.ต้น', 'บุคคล', 1, 1, 'ภาคปฏิบัติ', '2018-07-20 22:21:00', '2018-07-20 22:21:00', '2018-08-01 21:53:31'),
('16202', 'วาดภาพด้วยสีโปสเตอร์', 'ม.ต้น', 'บุคคล', 1, 1, 'ภาคปฏิบัติ', '2018-07-20 22:21:00', '2018-07-20 22:21:00', '2018-08-01 21:53:31'),
('16301', 'ขับร้องเพลงไทยลูกทุ่ง', 'ม.ปลาย', 'บุคคล', 1, 1, 'ภาคปฏิบัติ', '2018-07-20 22:21:00', '2018-07-20 22:21:00', '2018-08-01 21:53:31'),
('16302', 'วาดภาพด้วยสีโปสเตอร์', 'ม.ปลาย', 'บุคคล', 1, 1, 'ภาคปฏิบัติ', '2018-07-20 22:21:00', '2018-07-20 22:21:00', '2018-08-01 21:53:31'),
('17101', 'การใช้งานโปรแกรม MS Paint Windows 10', 'ประถมศึกษา', 'บุคคล', 1, 1, 'ภาคปฏิบัติ', '2018-07-20 22:21:00', '2018-07-20 22:21:00', '2018-08-01 21:53:31'),
('17201', 'การสร้าง Web Page ด้วย Web Editor', 'ม.ต้น', 'ทีม (2 คน)', 2, 1, 'ภาคปฏิบัติ', '2018-07-20 22:21:00', '2018-07-20 22:21:00', '2018-08-01 21:53:31'),
('17301', 'การเขียนโปรแกรมคอมพิวเตอร์', 'ม.ปลาย', 'บุคคล', 1, 1, 'ภาคปฏิบัติ', '2018-07-20 22:21:00', '2018-07-20 22:21:00', '2018-08-01 21:53:31'),
('21101', 'Science Competition', 'Grade 4-6', 'Individual', 1, 1, 'Written', '2018-07-20 22:21:00', '2018-07-20 22:21:00', '2018-08-01 21:53:31'),
('21201', 'Science Competition', 'Grade 7-9', 'Individual', 1, 1, 'Written', '2018-07-20 22:21:00', '2018-07-20 22:21:00', '2018-08-01 21:53:31'),
('21301', 'Science Competition', 'Grade 10-12', 'Individual', 1, 1, 'Written', '2018-07-20 22:21:00', '2018-07-20 22:21:00', '2018-08-01 21:53:31'),
('22101', 'Mathematics Competition', 'Grade 4-6', 'Individual', 1, 1, 'Written', '2018-07-20 22:21:00', '2018-07-20 22:21:00', '2018-08-01 21:53:31'),
('22201', 'Mathematics Competition', 'Grade 7-9', 'Individual', 1, 1, 'Written', '2018-07-20 22:21:00', '2018-07-20 22:21:00', '2018-08-01 21:53:31'),
('22301', 'Mathematics Competition', 'Grade 10-12', 'Individual', 1, 1, 'Written', '2018-07-20 22:21:00', '2018-07-20 22:21:00', '2018-08-01 21:53:31'),
('24301', 'ASEAN Quiz Competition', 'Grade 10-12', 'Individual', 1, 1, 'Written', '2018-07-20 22:21:00', '2018-07-20 22:21:00', '2018-08-01 21:53:31'),
('26101', 'Colored Pencils Drawing Competition', 'Grade 4-6', 'Individual', 1, 1, 'Practice', '2018-07-20 22:21:00', '2018-07-20 22:21:00', '2018-08-01 21:53:31'),
('26201', 'Poster Color Drawing Competition', 'Grade 7-9', 'Individual', 1, 1, 'Practice', '2018-07-20 22:21:00', '2018-07-20 22:21:00', '2018-08-01 21:53:31'),
('26301', 'Poster Color Drawing Competition', 'Grade 10-12', 'Individual', 1, 1, 'Practice', '2018-07-20 22:21:00', '2018-07-20 22:21:00', '2018-08-01 21:53:31'),
('28101', 'English Proficiency Competition', 'Grade 4-6', 'Individual', 1, 1, 'Written', '2018-07-20 22:21:00', '2018-07-20 22:21:00', '2018-08-01 21:53:31'),
('28201', 'English Proficiency Competition', 'Grade 7-9', 'Individual', 1, 1, 'Written', '2018-07-20 22:21:00', '2018-07-20 22:21:00', '2018-08-01 21:53:31'),
('28202', 'Speech Competition', 'Grade 7-9', 'Individual', 1, 1, 'Practice', '2018-07-20 22:21:00', '2018-07-20 22:21:00', '2018-08-01 21:53:31'),
('28203', 'Spelling Bee Competition', 'Grade 7-9', 'Individual', 1, 1, 'Practical', '2018-07-20 22:21:00', '2018-07-20 22:21:00', '2018-08-01 21:53:31'),
('28301', 'English Proficiency Competition', 'Grade 10-12', 'Individual', 1, 1, 'Written', '2018-07-20 22:21:00', '2018-07-20 22:21:00', '2018-08-01 21:53:31'),
('28302', 'Speech Competition', 'Grade 10-12', 'Individual', 1, 1, 'Practice', '2018-07-20 22:21:00', '2018-07-20 22:21:00', '2018-08-01 21:53:31'),
('28303', 'Spelling Bee Competition', 'Grade 10-12', 'Individual', 1, 1, 'Practical', '2018-07-20 22:21:00', '2018-07-20 22:21:00', '2018-08-01 21:53:31'),
('4', 'd2', 'd2', 'd2', 2, 2, 'd2', '2018-08-17 22:51:00', '2018-08-07 14:48:00', '2018-08-12 14:49:06');

-- --------------------------------------------------------

--
-- Table structure for table `contest_group`
--

CREATE TABLE `contest_group` (
  `id` int(11) NOT NULL,
  `group_name` varchar(50) NOT NULL,
  `contest_code` varchar(10) NOT NULL,
  `updatetime` datetime NOT NULL DEFAULT CURRENT_TIMESTAMP
) ENGINE=InnoDB DEFAULT CHARSET=utf8;

--
-- Dumping data for table `contest_group`
--

INSERT INTO `contest_group` (`id`, `group_name`, `contest_code`, `updatetime`) VALUES
(6, 'ทดสอบ1', '11205', '2018-08-01 22:14:06'),
(7, 'ทดสอบ1', '11301', '2018-08-01 22:14:06'),
(8, 'ทดสอบ1', '11302', '2018-08-01 22:14:06'),
(9, 'ทดสอบ1', '11303', '2018-08-01 22:14:06'),
(10, 'ทดสอบ1', '11304', '2018-08-01 22:14:06'),
(13, 'ทดสอบ2', '11205', '2018-08-01 22:15:06'),
(14, 'ทดสอบ2', '11301', '2018-08-01 22:15:06'),
(15, 'ทดสอบ2', '11302', '2018-08-01 22:15:06'),
(16, 'ทดสอบ2', '11303', '2018-08-01 22:15:06'),
(17, 'ทดสอบ2', '11304', '2018-08-01 22:15:06'),
(18, 'ทดสอบ2', '12101', '2018-08-01 22:15:06'),
(19, 'ทดสอบ2', '12102', '2018-08-01 22:15:06'),
(20, 'ทดสอบ2', '12201', '2018-08-01 22:15:06'),
(21, 'ทดสอบ2', '12202', '2018-08-01 22:15:06'),
(22, 'ทดสอบ2', '12301', '2018-08-01 22:15:06'),
(23, 'ทดสอบ2', '12302', '2018-08-01 22:15:06'),
(24, 'ทดสอบ2', '13101', '2018-08-01 22:15:06'),
(25, 'ทดสอบ2', '13201', '2018-08-01 22:15:06'),
(26, 'ทดสอบ2', '13301', '2018-08-01 22:15:06'),
(27, 'ทดสอบ2', '14101', '2018-08-01 22:15:06'),
(28, 'ทดสอบ2', '14201', '2018-08-01 22:15:06'),
(29, 'ทดสอบ2', '14301', '2018-08-01 22:15:06'),
(30, 'ทดสอบ2', '15101', '2018-08-01 22:15:06'),
(31, 'ทดสอบ2', '15201', '2018-08-01 22:15:06'),
(32, 'ทดสอบ2', '15301', '2018-08-01 22:15:06'),
(33, 'ทดสอบ2', '16101', '2018-08-01 22:15:06'),
(34, 'ทดสอบ2', '16102', '2018-08-01 22:15:06'),
(35, 'ทดสอบ2', '16201', '2018-08-01 22:15:06'),
(36, 'ทดสอบ2', '16202', '2018-08-01 22:15:06'),
(37, 'ทดสอบ2', '16301', '2018-08-01 22:15:06'),
(38, 'ทดสอบ2', '16302', '2018-08-01 22:15:06'),
(39, 'ทดสอบ2', '17101', '2018-08-01 22:15:06'),
(40, 'ทดสอบ2', '17201', '2018-08-01 22:15:06'),
(41, 'ทดสอบ2', '17301', '2018-08-01 22:15:06'),
(42, 'ทดสอบ2', '21101', '2018-08-01 22:15:06'),
(43, 'ทดสอบ2', '21201', '2018-08-01 22:15:06'),
(44, 'ทดสอบ2', '21301', '2018-08-01 22:15:06'),
(45, 'ทดสอบ2', '22101', '2018-08-01 22:15:06'),
(46, 'ทดสอบ2', '22201', '2018-08-01 22:15:06'),
(47, 'ทดสอบ2', '22301', '2018-08-01 22:15:06'),
(48, 'ทดสอบ2', '24301', '2018-08-01 22:15:06'),
(49, 'ทดสอบ2', '26101', '2018-08-01 22:15:06'),
(50, 'ทดสอบ2', '26201', '2018-08-01 22:15:06'),
(51, 'ทดสอบ2', '26301', '2018-08-01 22:15:06'),
(52, 'ทดสอบ2', '28101', '2018-08-01 22:15:06'),
(53, 'ทดสอบ2', '28201', '2018-08-01 22:15:06'),
(54, 'ทดสอบ2', '28202', '2018-08-01 22:15:06'),
(55, 'ทดสอบ2', '28203', '2018-08-01 22:15:06'),
(56, 'ทดสอบ2', '28301', '2018-08-01 22:15:06'),
(57, 'ทดสอบ2', '28302', '2018-08-01 22:15:06'),
(58, 'ทดสอบ2', '28303', '2018-08-01 22:15:06');

-- --------------------------------------------------------

--
-- Table structure for table `register`
--

CREATE TABLE `register` (
  `id` int(11) NOT NULL,
  `school_id` varchar(10) NOT NULL,
  `subject_id` varchar(10) NOT NULL,
  `name` varchar(50) NOT NULL,
  `u_date` datetime DEFAULT CURRENT_TIMESTAMP,
  `score` int(11) DEFAULT NULL,
  `status` bit(1) NOT NULL DEFAULT b'1'
) ENGINE=InnoDB DEFAULT CHARSET=utf8;

-- --------------------------------------------------------

--
-- Table structure for table `register_teacher`
--

CREATE TABLE `register_teacher` (
  `id` int(11) NOT NULL,
  `school_id` varchar(10) NOT NULL,
  `subject_id` varchar(10) NOT NULL,
  `name` text NOT NULL,
  `status` bit(1) NOT NULL DEFAULT b'1',
  `u_date` datetime DEFAULT CURRENT_TIMESTAMP
) ENGINE=InnoDB DEFAULT CHARSET=utf8;

-- --------------------------------------------------------

--
-- Table structure for table `room`
--

CREATE TABLE `room` (
  `id` int(11) NOT NULL,
  `room_name` varchar(200) NOT NULL,
  `amount_student` int(11) NOT NULL,
  `updatetime` datetime NOT NULL DEFAULT CURRENT_TIMESTAMP
) ENGINE=InnoDB DEFAULT CHARSET=utf8;

--
-- Dumping data for table `room`
--

INSERT INTO `room` (`id`, `room_name`, `amount_student`, `updatetime`) VALUES
(1, 'อาคาร 3 ห้อง 3402', 30, '2018-07-30 20:47:00'),
(2, 'อาคาร 3 ห้อง 3403', 30, '2018-07-30 20:47:00'),
(3, 'อาคาร 3 ห้อง 3404', 35, '2018-07-30 20:47:00'),
(4, 'สนามบาสเก็ตบอล, อาคารศูนย์กีฬา', 1000, '2018-07-30 20:47:00'),
(5, 'อาคาร 3 ห้อง 3205', 30, '2018-07-30 20:47:00'),
(6, 'อาคาร 3 ห้อง 3206', 30, '2018-07-30 20:47:00'),
(7, 'อาคาร 3 ห้อง 3207', 30, '2018-07-30 20:47:00'),
(8, 'อาคาร 3 ห้อง 3405', 30, '2018-07-30 20:47:00'),
(9, 'อาคาร 3 ห้อง 3406', 30, '2018-07-30 20:47:00'),
(10, 'อาคาร 3 ห้อง 3407', 30, '2018-07-30 20:47:00'),
(11, 'สระน้ำสวนละอองฟ้า', 1000, '2018-07-30 20:47:00'),
(12, 'อาคาร 3 ห้อง 3202', 30, '2018-07-30 20:47:00'),
(13, 'อาคาร 3 ห้อง 3203', 30, '2018-07-30 20:47:00'),
(14, 'อาคาร 3 ห้อง 3204', 30, '2018-07-30 20:47:00'),
(15, 'ห้องเสม็ดขาว', 1000, '2018-07-30 20:47:00'),
(16, 'อาคาร 3 ห้อง 3302', 30, '2018-07-30 20:47:00'),
(17, 'อาคาร 3 ห้อง 3303', 30, '2018-07-30 20:47:00'),
(18, 'อาคาร 3 ห้อง 3304', 30, '2018-07-30 20:47:00'),
(19, 'อาคาร 3 ห้อง 3305', 30, '2018-07-30 20:47:00'),
(20, 'อาคาร 3 ห้อง 3306', 30, '2018-07-30 20:47:00'),
(21, 'อาคาร 3 ห้อง 3307', 30, '2018-07-30 20:47:00'),
(22, 'อาคาร 3 ห้อง 3208', 30, '2018-07-30 20:47:00'),
(23, 'ชั้นล่าง หออาดัง', 1000, '2018-07-30 20:47:00'),
(24, 'ลานศิลป์ อาคารศูนย์กีฬา', 1000, '2018-07-30 20:47:00'),
(25, 'ชั้นล่าง หอธารปลิว', 1000, '2018-07-30 20:47:00'),
(26, 'หอประชุม 20 ปีฯ', 1000, '2018-07-30 20:47:00'),
(27, 'ห้องคอมพิวเตอร์ 2', 24, '2018-07-30 20:47:00'),
(28, 'ห้องคอมพิวเตอร์ 3', 24, '2018-07-30 20:47:00'),
(29, 'ห้องคอมพิวเตอร์ 1', 16, '2018-07-30 20:47:00'),
(30, 'Building 3 Room 3408', 30, '2018-07-30 20:47:00'),
(31, 'Building 3 Room 3308', 30, '2018-07-30 20:47:00'),
(32, 'Building 3 Room 3208', 30, '2018-07-30 20:47:00'),
(33, 'Building 3 Room 3205', 30, '2018-07-30 20:47:00'),
(34, 'Building 3 Room 3206', 30, '2018-07-30 20:47:00'),
(35, 'Building 3 Room 3207', 30, '2018-07-30 20:47:00'),
(36, 'Building 3 Room 3302', 30, '2018-07-30 20:47:00'),
(37, 'Building 3 Room 3303', 30, '2018-07-30 20:47:00'),
(38, 'Art Space', 1000, '2018-07-30 20:47:00'),
(39, 'Building 3 Room 3304', 30, '2018-07-30 20:47:00'),
(40, 'Building 3 Room 3305', 30, '2018-07-30 20:47:00'),
(41, 'Building 3 Room 3306', 30, '2018-07-30 20:47:00'),
(42, 'Building 3 Room 3307', 30, '2018-07-30 20:47:00'),
(43, 'Building 3 Room 3103, 3104', 1000, '2018-07-30 20:47:00'),
(44, 'Building 3 Room 3105, 3106', 1000, '2018-07-30 20:47:00'),
(45, 'Kankrao Room', 1000, '2018-07-30 20:47:00');

-- --------------------------------------------------------

--
-- Table structure for table `room_contest`
--

CREATE TABLE `room_contest` (
  `id` int(11) NOT NULL,
  `contest_code` varchar(10) COLLATE utf8_unicode_ci NOT NULL,
  `room_id` int(11) NOT NULL,
  `updatetime` datetime NOT NULL DEFAULT CURRENT_TIMESTAMP
) ENGINE=InnoDB DEFAULT CHARSET=utf8 COLLATE=utf8_unicode_ci;

--
-- Dumping data for table `room_contest`
--

INSERT INTO `room_contest` (`id`, `contest_code`, `room_id`, `updatetime`) VALUES
(12, '11205', 4, '2018-08-01 22:01:21'),
(13, '11301', 5, '2018-08-01 22:01:21'),
(14, '11301', 6, '2018-08-01 22:01:21'),
(15, '11301', 7, '2018-08-01 22:01:21'),
(16, '11302', 1, '2018-08-01 22:01:21'),
(17, '11302', 2, '2018-08-01 22:01:21'),
(18, '11302', 3, '2018-08-01 22:01:21'),
(19, '11303', 8, '2018-08-01 22:01:21'),
(20, '11303', 9, '2018-08-01 22:01:21'),
(21, '11303', 10, '2018-08-01 22:01:21'),
(22, '11304', 11, '2018-08-01 22:01:21'),
(23, '12101', 12, '2018-08-01 22:01:21'),
(24, '12101', 13, '2018-08-01 22:01:21'),
(25, '12101', 14, '2018-08-01 22:01:21'),
(26, '12102', 5, '2018-08-01 22:01:21'),
(27, '12102', 6, '2018-08-01 22:01:21'),
(28, '12102', 7, '2018-08-01 22:01:21'),
(29, '12201', 12, '2018-08-01 22:01:21'),
(30, '12201', 13, '2018-08-01 22:01:21'),
(31, '12201', 14, '2018-08-01 22:01:21'),
(32, '12202', 15, '2018-08-01 22:01:21'),
(33, '12301', 12, '2018-08-01 22:01:21'),
(34, '12301', 13, '2018-08-01 22:01:21'),
(35, '12301', 14, '2018-08-01 22:01:21'),
(36, '12302', 15, '2018-08-01 22:01:21'),
(37, '13101', 8, '2018-08-01 22:01:21'),
(38, '13101', 9, '2018-08-01 22:01:21'),
(39, '13101', 10, '2018-08-01 22:01:21'),
(40, '13201', 8, '2018-08-01 22:01:21'),
(41, '13201', 9, '2018-08-01 22:01:21'),
(42, '13201', 10, '2018-08-01 22:01:21'),
(43, '13301', 14, '2018-08-01 22:01:21'),
(44, '13301', 16, '2018-08-01 22:01:21'),
(45, '14101', 16, '2018-08-01 22:01:21'),
(46, '14101', 17, '2018-08-01 22:01:21'),
(47, '14101', 18, '2018-08-01 22:01:21'),
(48, '14201', 16, '2018-08-01 22:01:21'),
(49, '14201', 17, '2018-08-01 22:01:21'),
(50, '14201', 18, '2018-08-01 22:01:21'),
(51, '14301', 12, '2018-08-01 22:01:21'),
(52, '14301', 13, '2018-08-01 22:01:21'),
(53, '15101', 19, '2018-08-01 22:01:21'),
(54, '15101', 20, '2018-08-01 22:01:21'),
(55, '15101', 21, '2018-08-01 22:01:21'),
(56, '15201', 19, '2018-08-01 22:01:21'),
(57, '15201', 20, '2018-08-01 22:01:21'),
(58, '15201', 21, '2018-08-01 22:01:21'),
(59, '15301', 7, '2018-08-01 22:01:21'),
(60, '15301', 22, '2018-08-01 22:01:21'),
(61, '16101', 23, '2018-08-01 22:01:21'),
(62, '16102', 24, '2018-08-01 22:01:21'),
(63, '16201', 25, '2018-08-01 22:01:21'),
(64, '16202', 24, '2018-08-01 22:01:21'),
(65, '16301', 26, '2018-08-01 22:01:21'),
(66, '16302', 24, '2018-08-01 22:01:21'),
(67, '17101', 27, '2018-08-01 22:01:21'),
(68, '17101', 28, '2018-08-01 22:01:21'),
(69, '17201', 29, '2018-08-01 22:01:21'),
(70, '17201', 28, '2018-08-01 22:01:21'),
(71, '17301', 29, '2018-08-01 22:01:21'),
(72, '21101', 30, '2018-08-01 22:01:21'),
(73, '21201', 31, '2018-08-01 22:01:21'),
(74, '21201', 32, '2018-08-01 22:01:21'),
(75, '21301', 33, '2018-08-01 22:01:21'),
(76, '21301', 34, '2018-08-01 22:01:21'),
(77, '22101', 30, '2018-08-01 22:01:21'),
(78, '22201', 30, '2018-08-01 22:01:21'),
(79, '22201', 31, '2018-08-01 22:01:21'),
(80, '22301', 35, '2018-08-01 22:01:21'),
(81, '22301', 32, '2018-08-01 22:01:21'),
(82, '24301', 36, '2018-08-01 22:01:21'),
(83, '24301', 37, '2018-08-01 22:01:21'),
(84, '26101', 38, '2018-08-01 22:01:21'),
(85, '26201', 38, '2018-08-01 22:01:21'),
(86, '26301', 38, '2018-08-01 22:01:21'),
(87, '28101', 31, '2018-08-01 22:01:21'),
(88, '28101', 32, '2018-08-01 22:01:21'),
(89, '28201', 39, '2018-08-01 22:01:21'),
(90, '28201', 40, '2018-08-01 22:01:21'),
(91, '28301', 41, '2018-08-01 22:01:21'),
(92, '28301', 42, '2018-08-01 22:01:21'),
(93, '28202', 43, '2018-08-01 22:01:21'),
(94, '28302', 44, '2018-08-01 22:01:21'),
(95, '28203', 45, '2018-08-01 22:01:21'),
(96, '28303', 45, '2018-08-01 22:01:21'),
(99, '4', 1, '2018-08-13 22:50:58'),
(100, '4', 6, '2018-08-13 22:50:58');

-- --------------------------------------------------------

--
-- Table structure for table `school`
--

CREATE TABLE `school` (
  `id` int(11) NOT NULL,
  `user` text,
  `pass` text,
  `code` varchar(10) DEFAULT NULL,
  `display` text,
  `group_contest` varchar(100) NOT NULL,
  `email` varchar(100) NOT NULL,
  `amper` text NOT NULL,
  `changwat` text NOT NULL,
  `addrcode` varchar(6) NOT NULL,
  `u_date` datetime DEFAULT CURRENT_TIMESTAMP,
  `status` bit(1) DEFAULT b'1'
) ENGINE=InnoDB DEFAULT CHARSET=utf8;

--
-- Dumping data for table `school`
--

INSERT INTO `school` (`id`, `user`, `pass`, `code`, `display`, `group_contest`, `email`, `amper`, `changwat`, `addrcode`, `u_date`, `status`) VALUES
(1, 'b43239fabd9f799a409c33c8753fef87', 'b43239fabd9f799a409c33c8753fef87', '0NFE45625', 'โรงเรียนจุฬาภรณราชวิทยาลัยสตูล', 'ทดสอบ1', '', 'เมือง', 'สตูล', '91110', '2017-07-29 00:40:15', b'1'),
(2, 'acf002', 'acf002', '66H4B8YRH', 'พิมานพิทยาสรรค์', 'ทดสอบ1', '', 'อำเภอเมือง', 'สตูล', '91000', '2017-07-29 00:40:21', b'1'),
(3, 'acf003', 'acf003', 'G817I13R', 'สตูลวิทยา', 'ทดสอบ1', '', 'อำเภอเมือง', 'สตูล', '91000', '2017-07-29 00:40:22', b'1'),
(4, 'acf004', 'acf004', '47A62BE84', 'ควนโดนวิทยา', 'ทดสอบ1', '', 'อำเภอควนโดน', 'สตูล', '91160', '2017-07-29 00:40:22', b'1'),
(5, 'acf005', 'acf005', '08G2TUK01', 'ควนกาหลงวิทยาคม “นิคมวัฒนา”', 'ทดสอบ1', '', 'อำเภอควนกาหลง', 'สตูล', '91130', '2017-07-29 00:40:22', b'1'),
(6, 'acf006', 'acf006', '44MJ2BD35', 'ท่าแพผดุงวิทย์', 'ทดสอบ1', '', 'อำเภอท่าแพ', 'สตูล', '91150', '2017-07-29 00:40:22', b'1'),
(7, 'acf007', 'acf007', 'SI6D357FM', 'สาครพิทยาคาร', 'ทดสอบ1', '', 'อำเภอท่าแพ', 'สตูล', '91150', '2017-07-29 00:40:22', b'1'),
(8, 'acf008', 'acf008', 'Z69E07K2G', 'กำแพงวิทยา', 'ทดสอบ1', '', 'อำเภอละงู', 'สตูล', '91110', '2017-07-29 00:40:22', b'1'),
(9, 'acf009', 'acf009', 'KKNB77FI5', 'ละงูพิทยาคม', 'ทดสอบ1', '', 'อำเภอละงู', 'สตูล', '91110', '2017-07-29 00:40:22', b'1'),
(10, 'acf010', 'acf010', 'C8ACGYZ06', 'ทุ่งหว้าวรวิทย์', 'ทดสอบ1', '', 'อำเภอทุ่งหว้า', 'สตูล', '91120', '2017-07-29 00:40:23', b'1'),
(11, 'acf011', 'acf011', '9D1N6X2DW', 'ท่าศิลาบำรุงราษฎร์', 'ทดสอบ1', '', 'อำเภอทุ่งหว้า', 'สตูล', '91120', '2017-07-29 00:40:23', b'1'),
(12, 'acf012', 'acf012', '89E9S84SA', 'ปาล์มพัฒนวิทย์', 'ทดสอบ1', '', 'อำเภอมะนัง', 'สตูล', '91130', '2017-07-29 00:40:23', b'1'),
(13, 'acf013', 'acf013', '7RNHCTS78', 'ราชประชานุเคราะห์ ๔๒ จังหวัดสตูล ', 'ทดสอบ1', '', 'อำเภอเมือง', 'สตูล', '91000', '2017-07-29 00:40:23', b'1'),
(14, 'acf014', 'acf014', '09KG638AS', 'บ้านคลองขุด                 ', 'ทดสอบ1', '', 'อำเภอเมือง', 'สตูล', '91000', '2017-07-29 00:40:23', b'1'),
(15, 'acf015', 'acf015', 'N2G48MPB8', 'อนุบาลเมืองสตูล            ', 'ทดสอบ1', '', 'อำเภอเมือง', 'สตูล', '91000', '2017-07-29 00:40:23', b'1'),
(16, 'acf016', 'acf016', '1CXM9148E', 'บ้านกุบังจามัง', 'ทดสอบ1', '', 'อำเภอเมือง', 'สตูล', '91000', '2017-07-29 00:40:23', b'1'),
(17, 'acf017', 'acf017', '9W62S826Y', 'บ้านทุ่ง', 'ทดสอบ1', '', 'อำเภอเมือง', 'สตูล', '91000', '2017-07-29 00:40:23', b'1'),
(18, 'acf018', 'acf018', '1D284590I', 'ไทยรัฐวิทยา ๔๐ (บ้านควนโพธิ์)           ', 'ทดสอบ1', '', 'อำเภอเมือง', 'สตูล', '91000', '2017-07-29 00:40:23', b'1'),
(19, 'acf019', 'acf019', 'ART60F115', 'บ้านใหม่                      ', 'ทดสอบ1', '', 'อำเภอเมือง', 'สตูล', '91000', '2017-07-29 00:40:23', b'1'),
(20, 'acf020', 'acf020', '6451043A9', 'บ้านเกตรี                     ', 'ทดสอบ1', '', 'อำเภอเมือง', 'สตูล', '91000', '2017-07-29 00:40:23', b'1'),
(21, 'acf021', 'acf021', 'J4FFY4MU2', 'บ้านวังพะเนียด', 'ทดสอบ1', '', 'อำเภอเมือง', 'สตูล', '91000', '2017-07-29 00:40:24', b'1'),
(22, 'acf022', 'acf022', '4AY9IU7C7', 'บ้านควน', 'ทดสอบ1', '', 'อำเภอเมือง', 'สตูล', '91000', '2017-07-29 00:40:24', b'1'),
(23, 'acf023', 'acf023', 'Y5G47K4F0', 'บ้านกาลูบี', 'ทดสอบ1', '', 'อำเภอเมือง', 'สตูล', '91000', '2017-07-29 00:40:24', b'1'),
(24, 'acf024', 'acf024', 'O0TG819UG', 'บ้านกาเนะ', 'ทดสอบ1', '', 'อำเภอเมือง', 'สตูล', '91000', '2017-07-29 00:40:24', b'1'),
(25, 'acf025', 'acf025', 'OG409YR0', 'บ้านทุ่งวิมาน                ', 'ทดสอบ1', '', 'อำเภอเมือง', 'สตูล', '91000', '2017-07-29 00:40:24', b'1'),
(26, 'acf026', 'acf026', 'CS10X9I21', 'บ้านโคกประดู่', 'ทดสอบ1', '', 'อำเภอเมือง', 'สตูล', '91000', '2017-07-29 00:40:24', b'1'),
(27, 'acf027', 'acf027', 'OTD1K14O8', 'วัดหน้าเมือง', 'ทดสอบ1', '', 'อำเภอเมือง', 'สตูล', '91000', '2017-07-29 00:40:25', b'1'),
(28, 'acf028', 'acf028', 'J8G32BIY5', 'บ้านเขาจีน                   ', 'ทดสอบ1', '', 'อำเภอเมือง', 'สตูล', '91000', '2017-07-29 00:40:25', b'1'),
(29, 'acf029', 'acf029', '4K105C6GF', 'เทศบาล 1(บ้านท่าจีน)', 'ทดสอบ1', '', 'อำเภอเมือง', 'สตูล', '91000', '2017-07-29 00:40:25', b'1'),
(30, 'acf030', 'acf030', '6HFNE29W', 'บ้านนาแค', 'ทดสอบ1', '', 'อำเภอเมือง', 'สตูล', '91000', '2017-07-29 00:40:25', b'1'),
(31, 'acf031', 'acf031', '8PZ84NNEP', 'อนุบาลสตูล', 'ทดสอบ1', '', 'อำเภอเมือง', 'สตูล', '91000', '2017-07-29 00:40:25', b'1'),
(32, 'acf032', 'acf032', '72DU6GN6D', 'บ้านควนขัน', 'ทดสอบ1', '', 'อำเภอเมือง', 'สตูล', '91000', '2017-07-29 00:40:26', b'1'),
(33, 'acf033', 'acf033', 'RFEM19P6C', 'บ้านนาลาน', 'ทดสอบ1', '', 'อำเภอเมือง', 'สตูล', '91000', '2017-07-29 00:40:26', b'1'),
(34, 'acf034', 'acf034', '6M03IZG14', 'บ้านท่าหิน', 'ทดสอบ1', '', 'อำเภอเมือง', 'สตูล', '91000', '2017-07-29 00:40:26', b'1'),
(35, 'acf035', 'acf035', 'G1965D350', 'บ้านเนินสูง', 'ทดสอบ1', '', 'อำเภอเมือง', 'สตูล', '91000', '2017-07-29 00:40:26', b'1'),
(36, 'acf036', 'acf036', 'O3B2H62K5', 'บ้านไทรงาม                  ', 'ทดสอบ1', '', 'อำเภอเมือง', 'สตูล', '91000', '2017-07-29 00:40:26', b'1'),
(37, 'acf037', 'acf037', '9I54036V7', 'บ้านตำมะลังเหนือ           ', 'ทดสอบ1', '', 'อำเภอเมือง', 'สตูล', '91000', '2017-07-29 00:40:26', b'1'),
(38, 'acf038', 'acf038', 'K469264MR', 'บ้านตำมะลังใต้', 'ทดสอบ1', '', 'อำเภอเมือง', 'สตูล', '91000', '2017-07-29 00:40:26', b'1'),
(39, 'acf039', 'acf039', 'UZP47GM12', 'บ้านเจ๊ะบิลัง                  ', 'ทดสอบ1', '', 'อำเภอเมือง', 'สตูล', '91000', '2017-07-29 00:40:26', b'1'),
(40, 'acf040', 'acf040', '935Z1GC08', 'บ้านฉลุง', 'ทดสอบ1', '', 'อำเภอเมือง', 'สตูล', '91000', '2017-07-29 00:40:27', b'1'),
(41, 'acf041', 'acf041', '4767532JF', 'บ้านปาเต๊ะ                   ', 'ทดสอบ1', '', 'อำเภอเมือง', 'สตูล', '91000', '2017-07-29 00:40:27', b'1'),
(42, 'acf042', 'acf042', '5546662H5', 'บ้านกาลันยีตัน', 'ทดสอบ1', '', 'อำเภอเมือง', 'สตูล', '91000', '2017-07-29 00:40:27', b'1'),
(43, 'acf043', 'acf043', 'FZRIA5J3I', 'บ้านบันนังปุเลา', 'ทดสอบ1', '', 'อำเภอเมือง', 'สตูล', '91000', '2017-07-29 00:40:27', b'1'),
(44, 'acf044', 'acf044', '4Y27DS343', 'บ้านตันหยงโป               ', 'ทดสอบ1', '', 'อำเภอเมือง', 'สตูล', '91000', '2017-07-29 00:40:27', b'1'),
(45, 'acf045', 'acf045', '8TD0J06UM', 'บ้านหาดทรายยาว', 'ทดสอบ1', '', 'อำเภอเมือง', 'สตูล', '91000', '2017-07-29 00:40:27', b'1'),
(46, 'acf046', 'acf046', '39G2A3WDF', 'บ้านตันหยงกาโบยชัยพัฒนา          ', 'ทดสอบ1', '', 'อำเภอเมือง', 'สตูล', '91000', '2017-07-29 00:40:27', b'1'),
(47, 'acf047', 'acf047', 'FE82K1ZRB', 'บ้านเกาะยาว', 'ทดสอบ1', '', 'อำเภอเมือง', 'สตูล', '91000', '2017-07-29 00:40:28', b'1'),
(48, 'acf048', 'acf048', '9D1N6X2DW', 'บ้านเกาะสาหร่ายชัยพัฒนา         ', 'ทดสอบ1', '', 'อำเภอเมือง', 'สตูล', '91000', '2017-07-29 00:40:28', b'1'),
(49, 'acf049', 'acf049', 'S601GTK0C', 'บ้านเกาะอาดัง               ', 'ทดสอบ1', '', 'อำเภอเมือง', 'สตูล', '91000', '2017-07-29 00:40:28', b'1'),
(50, 'acf050', 'acf050', '9W62S826Y', 'บ้านตันหยงกลิง', 'ทดสอบ1', '', 'อำเภอเมือง', 'สตูล', '91000', '2017-07-29 00:40:28', b'1'),
(51, 'acf051', 'acf051', '6ZGCHJW', 'บ้านตันหยงอุมาชัยพัฒนา           ', 'ทดสอบ1', '', 'อำเภอเมือง', 'สตูล', '91000', '2017-07-29 00:40:28', b'1'),
(52, 'acf052', 'acf052', '6I56144PD', 'บ้านเกาะยะระโตดนุ้ย', 'ทดสอบ1', '', 'อำเภอเมือง', 'สตูล', '91000', '2017-07-29 00:40:28', b'1'),
(53, 'acf053', 'acf053', '6F940DVG9', 'อนุบาลละงู                  ', 'ทดสอบ1', '', 'อำเภอละงู', 'สตูล', '91110', '2017-07-29 00:40:28', b'1'),
(54, 'acf054', 'acf054', '10Y98XA6B', 'บ้านดาหลำ                  ', 'ทดสอบ1', '', 'อำเภอละงู', 'สตูล', '91110', '2017-07-29 00:40:28', b'1'),
(55, 'acf055', 'acf055', '96K0UHC0B', 'บ้านไสใหญ่', 'ทดสอบ1', '', 'อำเภอละงู', 'สตูล', '91110', '2017-07-29 00:40:28', b'1'),
(56, 'acf056', 'acf056', '24J04K4KC', 'บ้านปิใหญ่', 'ทดสอบ1', '', 'อำเภอละงู', 'สตูล', '91110', '2017-07-29 00:40:28', b'1'),
(57, 'acf057', 'acf057', '8MK7J28X3', 'บ้านโกตา', 'ทดสอบ1', '', 'อำเภอละงู', 'สตูล', '91110', '2017-07-29 00:40:28', b'1'),
(58, 'acf058', 'acf058', 'DH59N9XAJ', 'บ้านปากปิง', 'ทดสอบ1', '', 'อำเภอละงู', 'สตูล', '91110', '2017-07-29 00:40:29', b'1'),
(59, 'acf059', 'acf059', '0T8NG0I2R', 'บ้านป่าฝาง', 'ทดสอบ1', '', 'อำเภอละงู', 'สตูล', '91110', '2017-07-29 00:40:29', b'1'),
(60, 'acf060', 'acf060', '8G8T7T8F', 'บ้านท่าแลหลา               ', 'ทดสอบ1', '', 'อำเภอละงู', 'สตูล', '91110', '2017-07-29 00:40:29', b'1'),
(61, 'acf061', 'acf061', '1E76UGY6', 'บ้านอุไร', 'ทดสอบ1', '', 'อำเภอละงู', 'สตูล', '91110', '2017-07-29 00:40:29', b'1'),
(62, 'acf062', 'acf062', '16896I85V', 'บ้านทุ่งเสม็ดฯ', 'ทดสอบ1', '', 'อำเภอละงู', 'สตูล', '91110', '2017-07-29 00:40:29', b'1'),
(63, 'acf063', 'acf063', 'Y81G3C4F2', 'บ้านตูแตหรำ', 'ทดสอบ1', '', 'อำเภอละงู', 'สตูล', '91110', '2017-07-29 00:40:29', b'1'),
(64, 'acf064', 'acf064', 'G81P3544', 'บ้านควนฟ้าแลบ', 'ทดสอบ1', '', 'อำเภอละงู', 'สตูล', '91110', '2017-07-29 00:40:29', b'1'),
(65, 'acf065', 'acf065', '9UGXDMV4V', 'บ้านหัวควน', 'ทดสอบ1', '', 'อำเภอละงู', 'สตูล', '91110', '2017-07-29 00:40:29', b'1'),
(66, 'acf066', 'acf066', 'I824P3333', 'บ้านทุ่งไหม้', 'ทดสอบ1', '', 'อำเภอละงู', 'สตูล', '91110', '2017-07-29 00:40:29', b'1'),
(67, 'acf067', 'acf067', 'E6958K0EC', 'บ้านหนองหอยโข่ง', 'ทดสอบ1', '', 'อำเภอละงู', 'สตูล', '91110', '2017-07-29 00:40:29', b'1'),
(68, 'acf068', 'acf068', 'A4ITPU74R', 'บ้านนางแก้ว                ', 'ทดสอบ1', '', 'อำเภอละงู', 'สตูล', '91110', '2017-07-29 00:40:29', b'1'),
(69, 'acf069', 'acf069', 'H0R99PF71', 'บ้านวังสายทอง             ', 'ทดสอบ1', '', 'อำเภอละงู', 'สตูล', '91110', '2017-07-29 00:40:29', b'1'),
(70, 'acf070', 'acf070', '9W62S826Y', 'บ้านนาข่า', 'ทดสอบ1', '', 'อำเภอละงู', 'สตูล', '91110', '2017-07-29 00:40:29', b'1'),
(71, 'acf071', 'acf071', 'JOA28A8SV', 'บ้านบ่อหิน', 'ทดสอบ1', '', 'อำเภอละงู', 'สตูล', '91110', '2017-07-29 00:40:30', b'1'),
(72, 'acf072', 'acf072', '4AY9IU7C7', 'บ้านหาญ', 'ทดสอบ1', '', 'อำเภอละงู', 'สตูล', '91110', '2017-07-29 00:40:30', b'1'),
(73, 'acf073', 'acf073', '1G8P7XX08', 'บ้านบุโบย          ', 'ทดสอบ1', '', 'อำเภอละงู', 'สตูล', '91110', '2017-07-29 00:40:30', b'1'),
(74, 'acf074', 'acf074', 'P1J90P8T1', 'บ้านสนกลาง', 'ทดสอบ1', '', 'อำเภอละงู', 'สตูล', '91110', '2017-07-29 00:40:30', b'1'),
(75, 'acf075', 'acf075', 'FZRIA5J3I', 'บ้านกาแบง', 'ทดสอบ1', '', 'อำเภอละงู', 'สตูล', '91110', '2017-07-29 00:40:30', b'1'),
(76, 'acf076', 'acf076', '213XUYT07', 'บ้านตันหยงละไน้', 'ทดสอบ1', '', 'อำเภอละงู', 'สตูล', '91110', '2017-07-29 00:40:30', b'1'),
(77, 'acf077', 'acf077', '07528K2F1', 'เพียงหลวง 4 (ในทูลกระหม่อมหญิงอุบลรัตนราชกัญญาฯ)', 'ทดสอบ1', '', 'อำเภอละงู', 'สตูล', '91110', '2017-07-29 00:40:30', b'1'),
(78, 'acf078', 'acf078', 'W9O8O9M3', 'บ้านตะโละใส', 'ทดสอบ1', '', 'อำเภอละงู', 'สตูล', '91110', '2017-07-29 00:40:30', b'1'),
(79, 'acf079', 'acf079', 'C19GEGZ08', 'บ้านปากบารา     ', 'ทดสอบ1', '', 'อำเภอละงู', 'สตูล', '91110', '2017-07-29 00:40:30', b'1'),
(80, 'acf080', 'acf080', '53P1ADZH0', 'บ้านลาหงา', 'ทดสอบ1', '', 'อำเภอละงู', 'สตูล', '91110', '2017-07-29 00:40:30', b'1'),
(81, 'acf081', 'acf081', '25C26N805', 'บ้านปากละงู', 'ทดสอบ1', '', 'อำเภอละงู', 'สตูล', '91110', '2017-07-29 00:40:30', b'1'),
(82, 'acf082', 'acf082', '75193VG0N', 'บ้านในเมือง', 'ทดสอบ1', '', 'อำเภอละงู', 'สตูล', '91110', '2017-07-29 00:40:30', b'1'),
(83, 'acf083', 'acf083', 'RG54K124T', 'บ้านคลองน้ำเค็ม  ', 'ทดสอบ1', '', 'อำเภอละงู', 'สตูล', '91110', '2017-07-29 00:40:31', b'1'),
(84, 'acf084', 'acf084', '3VCR05FHF', 'บ้านห้วยไทร', 'ทดสอบ1', '', 'อำเภอละงู', 'สตูล', '91110', '2017-07-29 00:40:31', b'1'),
(85, 'acf085', 'acf085', '55518Y34S', 'บ้านห้วยมะพร้าว', 'ทดสอบ1', '', 'อำเภอละงู', 'สตูล', '91110', '2017-07-29 00:40:31', b'1'),
(86, 'acf086', 'acf086', 'A2N6WWERD', 'บ้านปากบาง       ', 'ทดสอบ1', '', 'อำเภอละงู', 'สตูล', '91110', '2017-07-29 00:40:31', b'1'),
(87, 'acf087', 'acf087', 'S7503219O', 'บ้านท่าชะมวง', 'ทดสอบ1', '', 'อำเภอละงู', 'สตูล', '91110', '2017-07-29 00:40:31', b'1'),
(88, 'acf088', 'acf088', 'M60XUB7D5', 'บ้านบากันโต๊ะทิด', 'ทดสอบ1', '', 'อำเภอละงู', 'สตูล', '91110', '2017-07-29 00:40:31', b'1'),
(89, 'acf089', 'acf089', '8NH1115F0', 'บ้านเกาะยวน', 'ทดสอบ1', '', 'อำเภอละงู', 'สตูล', '91110', '2017-07-29 00:40:31', b'1'),
(90, 'acf090', 'acf090', '9I54036V7', 'บ้านนาพญา', 'ทดสอบ1', '', 'อำเภอละงู', 'สตูล', '91110', '2017-07-29 00:40:31', b'1'),
(91, 'acf091', 'acf091', '1A5524P3Y', 'บ้านโคกพยอม', 'ทดสอบ1', '', 'อำเภอละงู', 'สตูล', '91110', '2017-07-29 00:40:31', b'1'),
(92, 'acf092', 'acf092', 'S7K0G33PJ', 'บ้านทุ่ง “สภากาชาดอุปถัมภ์ 50”', 'ทดสอบ1', '', 'อำเภอละงู', 'สตูล', '91110', '2017-07-29 00:40:32', b'1'),
(93, 'acf093', 'acf093', '2BC2U5N', 'บ้านท่ายาง', 'ทดสอบ1', '', 'อำเภอละงู', 'สตูล', '91110', '2017-07-29 00:40:32', b'1'),
(94, 'acf094', 'acf094', 'N2G48MPB8', 'บ้านบ่อเจ็ดลูก', 'ทดสอบ1', '', 'อำเภอละงู', 'สตูล', '91110', '2017-07-29 00:40:32', b'1'),
(95, 'acf095', 'acf095', 'SN82FCWVI', 'บ้านท่าพยอม', 'ทดสอบ1', '', 'อำเภอละงู', 'สตูล', '91110', '2017-07-29 00:40:32', b'1'),
(96, 'acf096', 'acf096', '8R2UC14SW', 'บ้านเกาะบูโหลน', 'ทดสอบ1', '', 'อำเภอละงู', 'สตูล', '91110', '2017-07-29 00:40:32', b'1'),
(97, 'acf097', 'acf097', '4Z8T9976', 'อนุบาลควนโดน', 'ทดสอบ1', '', 'อำเภอควนโดน', 'สตูล', '91160', '2017-07-29 00:40:32', b'1'),
(98, 'acf098', 'acf098', '73463ZM14', 'บ้านถ้ำทะลุ', 'ทดสอบ1', '', 'อำเภอควนโดน', 'สตูล', '91160', '2017-07-29 00:40:32', b'1'),
(99, 'acf099', 'acf099', 'X7691GI6X', 'บ้านดูสน', 'ทดสอบ1', '', 'อำเภอควนโดน', 'สตูล', '91160', '2017-07-29 00:40:32', b'1'),
(100, 'acf100', 'acf100', '37FE1649P', 'บ้านควนสตอ      ', 'ทดสอบ1', '', 'อำเภอควนโดน', 'สตูล', '91160', '2017-07-29 00:40:33', b'1'),
(101, 'acf101', 'acf101', '38U32YC27', 'บ้านทุ่งพัฒนา', 'ทดสอบ1', '', 'อำเภอควนโดน', 'สตูล', '91160', '2017-07-29 00:40:33', b'1'),
(102, 'acf102', 'acf102', '504ZJRF9S', 'บ้านทางงอ', 'ทดสอบ1', '', 'อำเภอควนโดน', 'สตูล', '91160', '2017-07-29 00:40:33', b'1'),
(103, 'acf103', 'acf103', 'K6S9C3V63', 'บ้านวังประจัน', 'ทดสอบ1', '', 'อำเภอควนโดน', 'สตูล', '91160', '2017-07-29 00:40:33', b'1'),
(104, 'acf104', 'acf104', 'K7X1A911', 'บ้านทุ่งมะปรัง     ', 'ทดสอบ1', '', 'อำเภอควนโดน', 'สตูล', '91160', '2017-07-29 00:40:33', b'1'),
(105, 'acf105', 'acf105', '1E76UGY6', 'บ้านปันจอร์', 'ทดสอบ1', '', 'อำเภอควนโดน', 'สตูล', '91160', '2017-07-29 00:40:33', b'1'),
(106, 'acf106', 'acf106', '67G5B2DYA', 'บ้านบูเกตยามู', 'ทดสอบ1', '', 'อำเภอควนโดน', 'สตูล', '91160', '2017-07-29 00:40:33', b'1'),
(107, 'acf107', 'acf107', '9X9B35F1E', 'บ้านควนโต๊ะเหลง', 'ทดสอบ1', '', 'อำเภอควนโดน', 'สตูล', '91160', '2017-07-29 00:40:33', b'1'),
(108, 'acf108', 'acf108', '6781OX6TY', 'บ้านย่านซื่อฯ', 'ทดสอบ1', '', 'อำเภอควนโดน', 'สตูล', '91160', '2017-07-29 00:40:33', b'1'),
(109, 'acf109', 'acf109', 'G4P05GF7H', 'บ้านกุบังปะโหลด', 'ทดสอบ1', '', 'อำเภอควนโดน', 'สตูล', '91160', '2017-07-29 00:40:33', b'1'),
(110, 'acf110', 'acf110', '72Z7G4TG9', 'อนุบาลควนกาหลง', 'ทดสอบ1', '', 'อำเภอควนกาหลง', 'สตูล', '91130', '2017-07-29 00:40:33', b'1'),
(111, 'acf111', 'acf111', 'T48VI33BM', 'นิคมพัฒนาภาคใต้ 1 ', 'ทดสอบ1', '', 'อำเภอควนกาหลง', 'สตูล', '91130', '2017-07-29 00:40:33', b'1'),
(112, 'acf112', 'acf112', 'XMPUM052O', 'นิคมพัฒนาภาคใต้ 2  ', 'ทดสอบ1', '', 'อำเภอควนกาหลง', 'สตูล', '91130', '2017-07-29 00:40:33', b'1'),
(113, 'acf113', 'acf113', '4D26MM139', 'นิคมพัฒนาภาคใต้ 3  ', 'ทดสอบ1', '', 'อำเภอควนกาหลง', 'สตูล', '91130', '2017-07-29 00:40:33', b'1'),
(114, 'acf114', 'acf114', '2ESFH2E28', 'นิคมซอย 10       ', 'ทดสอบ1', '', 'อำเภอควนกาหลง', 'สตูล', '91130', '2017-07-29 00:40:34', b'1'),
(115, 'acf115', 'acf115', '878Z1K00', 'บ้านเหนือคลอง   ', 'ทดสอบ1', '', 'อำเภอควนกาหลง', 'สตูล', '91130', '2017-07-29 00:40:34', b'1'),
(116, 'acf116', 'acf116', '513ST782J', 'บ้านเขาไคร        ', 'ทดสอบ1', '', 'อำเภอควนกาหลง', 'สตูล', '91130', '2017-07-29 00:40:34', b'1'),
(117, 'acf117', 'acf117', '8895FH78B', 'บ้านควนล่อน', 'ทดสอบ1', '', 'อำเภอควนกาหลง', 'สตูล', '91130', '2017-07-29 00:40:34', b'1'),
(118, 'acf118', 'acf118', 'RG43765C3', 'บ้านกลุ่ม 5 ประชารัฐ', 'ทดสอบ1', '', 'อำเภอควนกาหลง', 'สตูล', '91130', '2017-07-29 00:40:34', b'1'),
(119, 'acf119', 'acf119', 'TEHHC82K', 'นิคมพัฒนาผัง 120', 'ทดสอบ1', '', 'อำเภอควนกาหลง', 'สตูล', '91130', '2017-07-29 00:40:34', b'1'),
(120, 'acf120', 'acf120', 'DND90290N', 'บ้านอุได', 'ทดสอบ1', '', 'อำเภอควนกาหลง', 'สตูล', '91130', '2017-07-29 00:40:34', b'1'),
(121, 'acf121', 'acf121', 'DH7A5V645', 'บ้านทุ่งตำเสาฯ', 'ทดสอบ1', '', 'อำเภอควนกาหลง', 'สตูล', '91130', '2017-07-29 00:40:34', b'1'),
(122, 'acf122', 'acf122', 'BUJJ35ACC', 'บ้านทุ่งนุ้ยฯ        ', 'ทดสอบ1', '', 'อำเภอควนกาหลง', 'สตูล', '91130', '2017-07-29 00:40:34', b'1'),
(123, 'acf123', 'acf123', '3G252654U', 'บ้านค่ายรวมมิตร', 'ทดสอบ1', '', 'อำเภอควนกาหลง', 'สตูล', '91130', '2017-07-29 00:40:34', b'1'),
(124, 'acf124', 'acf124', 'NE9G276P5', 'บ้านน้ำร้อน', 'ทดสอบ1', '', 'อำเภอควนกาหลง', 'สตูล', '91130', '2017-07-29 00:40:35', b'1'),
(125, 'acf125', 'acf125', '96021GDG7', 'บ้านน้ำหรา', 'ทดสอบ1', '', 'อำเภอควนกาหลง', 'สตูล', '91130', '2017-07-29 00:40:35', b'1'),
(126, 'acf126', 'acf126', '1D38537NN', 'บ้านหัวกาหมิง', 'ทดสอบ1', '', 'อำเภอควนกาหลง', 'สตูล', '91130', '2017-07-29 00:40:35', b'1'),
(127, 'acf127', 'acf127', 'VP34OX46V', 'บ้านห้วยน้ำดำ', 'ทดสอบ1', '', 'อำเภอควนกาหลง', 'สตูล', '91130', '2017-07-29 00:40:35', b'1'),
(128, 'acf128', 'acf128', '1FPS119G5', 'นิคมพัฒนาผัง 42', 'ทดสอบ1', '', 'อำเภอควนกาหลง', 'สตูล', '91130', '2017-07-29 00:40:35', b'1'),
(129, 'acf129', 'acf129', '90E97TGDF', 'บ้านโตนปาหนัน', 'ทดสอบ1', '', 'อำเภอควนกาหลง', 'สตูล', '91130', '2017-07-29 00:40:35', b'1'),
(130, 'acf130', 'acf130', 'IKIO56Z62', 'อนุบาลท่าแพ', 'ทดสอบ1', '', 'อำเภอท่าแพ', 'สตูล', '91150', '2017-07-29 00:40:35', b'1'),
(131, 'acf131', 'acf131', '7Z0PA77H7', 'บ้านท่าแพ', 'ทดสอบ1', '', 'อำเภอท่าแพ', 'สตูล', '91150', '2017-07-29 00:40:35', b'1'),
(132, 'acf132', 'acf132', 'PR98Z576X', 'บ้านท่าน้ำเค็มใต้', 'ทดสอบ1', '', 'อำเภอท่าแพ', 'สตูล', '91150', '2017-07-29 00:40:35', b'1'),
(133, 'acf133', 'acf133', '8H3G54MTS', 'บ้านสายควน       ', 'ทดสอบ1', '', 'อำเภอท่าแพ', 'สตูล', '91150', '2017-07-29 00:40:35', b'1'),
(134, 'acf134', 'acf134', 'UZ7580FOM', 'บ้านปลักหว้า', 'ทดสอบ1', '', 'อำเภอท่าแพ', 'สตูล', '91150', '2017-07-29 00:40:35', b'1'),
(135, 'acf135', 'acf135', 'G9FR13W5', 'บ้านนาแก้ว        ', 'ทดสอบ1', '', 'อำเภอท่าแพ', 'สตูล', '91150', '2017-07-29 00:40:35', b'1'),
(136, 'acf136', 'acf136', '0W36SHO8', 'บ้านทุ่งริ้น', 'ทดสอบ1', '', 'อำเภอท่าแพ', 'สตูล', '91150', '2017-07-29 00:40:36', b'1'),
(137, 'acf137', 'acf137', '6GI268771', 'บ้านวังปริง         ', 'ทดสอบ1', '', 'อำเภอท่าแพ', 'สตูล', '91150', '2017-07-29 00:40:36', b'1'),
(138, 'acf138', 'acf138', 'OX333UPB6', 'บ้านควนเก', 'ทดสอบ1', '', 'อำเภอท่าแพ', 'สตูล', '91150', '2017-07-29 00:40:36', b'1'),
(139, 'acf139', 'acf139', '2SK9TE2I6', 'บ้านแป-ระเหนือ', 'ทดสอบ1', '', 'อำเภอท่าแพ', 'สตูล', '91150', '2017-07-29 00:40:36', b'1'),
(140, 'acf140', 'acf140', 'UC269IXW6', 'บ้านแป-ระใต้', 'ทดสอบ1', '', 'อำเภอท่าแพ', 'สตูล', '91150', '2017-07-29 00:40:36', b'1'),
(141, 'acf141', 'acf141', 'GN770G1', 'บ้านไร่', 'ทดสอบ1', '', 'อำเภอท่าแพ', 'สตูล', '91150', '2017-07-29 00:40:36', b'1'),
(142, 'acf142', 'acf142', '0UA3D85I7', 'บ้านสวนเทศ', 'ทดสอบ1', '', 'อำเภอท่าแพ', 'สตูล', '91150', '2017-07-29 00:40:36', b'1'),
(143, 'acf143', 'acf143', 'D02A5OJ4', 'สมาคมเลขานุการสตรี 3', 'ทดสอบ1', '', 'อำเภอท่าแพ', 'สตูล', '91150', '2017-07-29 00:40:36', b'1'),
(144, 'acf144', 'acf144', 'NV2F25647', 'บ้านคลองสองปาก', 'ทดสอบ1', '', 'อำเภอท่าแพ', 'สตูล', '91150', '2017-07-29 00:40:36', b'1'),
(145, 'acf145', 'acf145', 'RMJJ45DYX', 'บ้านสาคร', 'ทดสอบ1', '', 'อำเภอท่าแพ', 'สตูล', '91150', '2017-07-29 00:40:36', b'1'),
(146, 'acf146', 'acf146', '6YNJN4N9B', 'บ้านสาครเหนือ', 'ทดสอบ1', '', 'อำเภอท่าแพ', 'สตูล', '91150', '2017-07-29 00:40:37', b'1'),
(147, 'acf147', 'acf147', '351C3XBU8', 'บ้านทางยาง', 'ทดสอบ1', '', 'อำเภอท่าแพ', 'สตูล', '91150', '2017-07-29 00:40:37', b'1'),
(148, 'acf148', 'acf148', '955O909M', 'อนุบาลมะนัง               ', 'ทดสอบ1', '', 'อำเภอมะนัง', 'สตูล', '91130', '2017-07-29 00:40:37', b'1'),
(149, 'acf149', 'acf149', '4B5Z10FJ3', 'บ้านวังพระเคียน           ', 'ทดสอบ1', '', 'อำเภอมะนัง', 'สตูล', '91130', '2017-07-29 00:40:37', b'1'),
(150, 'acf150', 'acf150', '5572970W8', 'บ้านป่าพน                  ', 'ทดสอบ1', '', 'อำเภอมะนัง', 'สตูล', '91130', '2017-07-29 00:40:37', b'1'),
(151, 'acf151', 'acf151', '99IZVPI53', 'ผังปาล์ม 2                  ', 'ทดสอบ1', '', 'อำเภอมะนัง', 'สตูล', '91130', '2017-07-29 00:40:37', b'1'),
(152, 'acf152', 'acf152', '2T98469E1', 'นิคมพัฒนาผัง 6 (อบจ.สตูล) ', 'ทดสอบ1', '', 'อำเภอมะนัง', 'สตูล', '91130', '2017-07-29 00:40:37', b'1'),
(153, 'acf153', 'acf153', '2U495OM26', 'บ้านมะนัง', 'ทดสอบ1', '', 'อำเภอมะนัง', 'สตูล', '91130', '2017-07-29 00:40:37', b'1'),
(154, 'acf154', 'acf154', '06V6Y107', 'นิคมพัฒนาผัง 20', 'ทดสอบ1', '', 'อำเภอมะนัง', 'สตูล', '91130', '2017-07-29 00:40:37', b'1'),
(155, 'acf155', 'acf155', 'CS10X9I21', 'ผังปาล์ม 1', 'ทดสอบ1', '', 'อำเภอมะนัง', 'สตูล', '91130', '2017-07-29 00:40:37', b'1'),
(156, 'acf156', 'acf156', '14G5FIF7V', 'ผังปาล์ม 3', 'ทดสอบ1', '', 'อำเภอมะนัง', 'สตูล', '91130', '2017-07-29 00:40:37', b'1'),
(157, 'acf157', 'acf157', '94FE3SO7H', 'ผังปาล์ม 4', 'ทดสอบ1', '', 'อำเภอมะนัง', 'สตูล', '91130', '2017-07-29 00:40:37', b'1'),
(158, 'acf158', 'acf158', 'F7H3OCA63', 'ผังปาล์ม 7', 'ทดสอบ1', '', 'อำเภอมะนัง', 'สตูล', '91130', '2017-07-29 00:40:38', b'1'),
(159, 'acf159', 'acf159', '49Y2Y6480', 'อนุบาลทุ่งหว้า               ', 'ทดสอบ1', '', 'อำเภอทุ่งหว้า', 'สตูล', '91120', '2017-07-29 00:40:38', b'1'),
(160, 'acf160', 'acf160', 'CDMC96NRO', 'วัดชมพูนิมิต', 'ทดสอบ1', '', 'อำเภอทุ่งหว้า', 'สตูล', '91120', '2017-07-29 00:40:38', b'1'),
(161, 'acf161', 'acf161', '257398ZGG', 'บ้านคีรีวง', 'ทดสอบ1', '', 'อำเภอทุ่งหว้า', 'สตูล', '91120', '2017-07-29 00:40:38', b'1'),
(162, 'acf162', 'acf162', '43GGY8498', 'บ้านคีรีวง สาขาราวปลา', 'ทดสอบ1', '', 'อำเภอทุ่งหว้า', 'สตูล', '91120', '2017-07-29 00:40:38', b'1'),
(163, 'acf163', 'acf163', 'T7Y998C4V', 'บ้านทุ่งดินลุ่ม', 'ทดสอบ1', '', 'อำเภอทุ่งหว้า', 'สตูล', '91120', '2017-07-29 00:40:38', b'1'),
(164, 'acf164', 'acf164', 'K77CZD1W9', 'วรรธนะสาร', 'ทดสอบ1', '', 'อำเภอทุ่งหว้า', 'สตูล', '91120', '2017-07-29 00:40:38', b'1'),
(165, 'acf165', 'acf165', '513ST782J', 'บ้านป่าแก่บ่อหิน', 'ทดสอบ1', '', 'อำเภอทุ่งหว้า', 'สตูล', '91120', '2017-07-29 00:40:38', b'1'),
(166, 'acf166', 'acf166', '483074R06', 'บ้านช่องไทร', 'ทดสอบ1', '', 'อำเภอทุ่งหว้า', 'สตูล', '91120', '2017-07-29 00:40:38', b'1'),
(167, 'acf167', 'acf167', 'N273692Z2', 'บ้านนาทอน', 'ทดสอบ1', '', 'อำเภอทุ่งหว้า', 'สตูล', '91120', '2017-07-29 00:40:38', b'1'),
(168, 'acf168', 'acf168', 'Z8V2760A1', 'บ้านวังตง                     ', 'ทดสอบ1', '', 'อำเภอทุ่งหว้า', 'สตูล', '91120', '2017-07-29 00:40:38', b'1'),
(169, 'acf169', 'acf169', '2A6D457BF', 'บ้านท่าศิลา', 'ทดสอบ1', '', 'อำเภอทุ่งหว้า', 'สตูล', '91120', '2017-07-29 00:40:38', b'1'),
(170, 'acf170', 'acf170', '10501E0C7', 'บ้านบารายี', 'ทดสอบ1', '', 'อำเภอทุ่งหว้า', 'สตูล', '91120', '2017-07-29 00:40:38', b'1'),
(171, 'acf171', 'acf171', 'O10148X28', 'บ้านท่าข้ามควาย', 'ทดสอบ1', '', 'อำเภอทุ่งหว้า', 'สตูล', '91120', '2017-07-29 00:40:38', b'1'),
(172, 'acf172', 'acf172', '0P6JSM1SV', 'บ้านขอนคลาน', 'ทดสอบ1', '', 'อำเภอทุ่งหว้า', 'สตูล', '91120', '2017-07-29 00:40:39', b'1'),
(173, 'acf173', 'acf173', 'V9B347E0T', 'บ้านราไว', 'ทดสอบ1', '', 'อำเภอทุ่งหว้า', 'สตูล', '91120', '2017-07-29 00:40:39', b'1'),
(174, 'acf174', 'acf174', 'PR98Z576X', 'บ้านทุ่งบุหลัง', 'ทดสอบ1', '', 'อำเภอทุ่งหว้า', 'สตูล', '91120', '2017-07-29 00:40:39', b'1'),
(175, 'acf175', 'acf175', 'Y81G3C4F2', 'บ้านทุ่งสะโบ๊ะ', 'ทดสอบ1', '', 'อำเภอทุ่งหว้า', 'สตูล', '91120', '2017-07-29 00:40:39', b'1'),
(176, 'acf176', 'acf176', 'R9957JII', 'บ้านมะหงัง', 'ทดสอบ1', '', 'อำเภอทุ่งหว้า', 'สตูล', '91120', '2017-07-29 00:40:39', b'1'),
(177, 'acf177', 'acf177', '95X8S0M78', 'จงหัว', 'ทดสอบ1', '', 'อำเภอเมือง', 'สตูล', '91000', '2017-07-29 00:40:39', b'1'),
(178, 'acf178', 'acf178', '72C275992', 'อนุบาลรุ่งทิพย์', 'ทดสอบ1', '', 'อำเภอเมือง', 'สตูล', '91000', '2017-07-29 00:40:39', b'1'),
(179, 'acf179', 'acf179', '47A62BE84', 'อนุบาลทักษิณสยาม', 'ทดสอบ1', '', 'อำเภอเมือง', 'สตูล', '91000', '2017-07-29 00:40:39', b'1'),
(180, 'acf180', 'acf180', 'PMPYND309', 'ปิยนุสรณ์ศึกษา', 'ทดสอบ1', '', 'อำเภอเมือง', 'สตูล', '91000', '2017-07-29 00:40:40', b'1'),
(181, 'acf181', 'acf181', 'Y5G47K4F0', 'ภูริภรณ์ชัยศึกษา', 'ทดสอบ1', '', 'อำเภอเมือง', 'สตูล', '91000', '2017-07-29 00:40:40', b'1'),
(182, 'acf182', 'acf182', 'DND90290N', 'มุสลิมศึกษา', 'ทดสอบ1', '', 'อำเภอเมือง', 'สตูล', '91000', '2017-07-29 00:40:40', b'1'),
(183, 'acf183', 'acf183', '227G163D8', 'สายเพชรศึกษา', 'ทดสอบ1', '', 'อำเภอละงู', 'สตูล', '91110', '2017-07-29 00:40:40', b'1'),
(184, 'acf184', 'acf184', '12DG6B8I9', 'สตูลศานติศึกษา', 'ทดสอบ1', '', 'อำเภอละงู', 'สตูล', '91110', '2017-07-29 00:40:40', b'1'),
(185, 'acf185', 'acf185', '8UH283G', 'ศูนย์กวดวิชาแบรนด์เซ็นเตอร์', 'ทดสอบ1', '', 'อำเภอละงู', 'สตูล', '91110', '2017-07-29 00:40:40', b'1'),
(186, 'acf186', 'acf186', 'V2G2837HM', 'เพชรชูศึกษา', 'ทดสอบ1', '', 'อำเภอควนกาหลง', 'สตูล', '91130', '2017-07-29 00:40:40', b'1'),
(187, 'acf187', 'acf187', 'KB4802M92', 'พรรษนันท์ศึกษา', 'ทดสอบ1', '', 'อำเภอทุ่งหว้า', 'สตูล', '91120', '2017-07-29 00:40:40', b'1'),
(188, 'acf188', 'acf188', 'Z8ZH8O7K2', 'สุไหงอุเปวิทยา', 'ทดสอบ1', '', 'อำเภอทุ่งหว้า', 'สตูล', '91120', '2017-07-29 00:40:40', b'1'),
(189, 'acf189', 'acf189', '5I48K8439', 'อนุบาลมุสลิมสตูล', 'ทดสอบ1', '', 'อำเภอเมือง', 'สตูล', '91000', '2017-07-29 00:40:40', b'1'),
(190, 'acf190', 'acf190', '483074R06', 'นิด้าศึกษาศาสตร์', 'ทดสอบ1', '', 'อำเภอละงู', 'สตูล', '91110', '2017-07-29 00:40:40', b'1'),
(191, 'acf191', 'acf191', '5HF7N7NB8', 'อนุบาลท่าแพพัฒนา', 'ทดสอบ1', '', 'อำเภอท่าแพ', 'สตูล', '91150', '2017-07-29 00:40:40', b'1'),
(192, 'acf192', 'acf192', '4CBWXGZ2W', 'อัลฟุรกอนวิทยา', 'ทดสอบ1', '', 'อำเภอทุ่งหว้า', 'สตูล', '91120', '2017-07-29 00:40:41', b'1'),
(193, 'acf193', 'acf193', '68ZGJRAX5', 'อันซอเรียะห์อัดดีนียะห์', 'ทดสอบ1', '', 'อำเภอเมือง', 'สตูล', '91000', '2017-07-29 00:40:41', b'1'),
(194, 'acf194', 'acf194', 'G81P3544', 'จริยธรรมอิสลามมูลนิธิ', 'ทดสอบ1', '', 'อำเภอเมือง', 'สตูล', '91000', '2017-07-29 00:40:41', b'1'),
(195, 'acf195', 'acf195', 'Y5B4RG78Y', 'แสงประทีปวิทยามูลนิธิ', 'ทดสอบ1', '', 'อำเภอเมือง', 'สตูล', '91000', '2017-07-29 00:40:41', b'1'),
(196, 'acf196', 'acf196', 'WNZC404S', 'พัฒนาการศึกษามูลนิธิ', 'ทดสอบ1', '', 'อำเภอเมือง', 'สตูล', '91000', '2017-07-29 00:40:41', b'1'),
(197, 'acf197', 'acf197', 'JHW34K23A', 'มำบาอูลอูลูม', 'ทดสอบ1', '', 'อำเภอเมือง', 'สตูล', '91000', '2017-07-29 00:40:41', b'1'),
(198, 'acf198', 'acf198', 'P25W6KA8G', 'แสงธรรม', 'ทดสอบ1', '', 'อำเภอเมือง', 'สตูล', '91000', '2017-07-29 00:40:41', b'1'),
(199, 'acf199', 'acf199', '1BA40Z2GJ', 'สันติศาสตร์ศึกษา', 'ทดสอบ1', '', 'อำเภอเมือง', 'สตูล', '91000', '2017-07-29 00:40:41', b'1'),
(200, 'acf200', 'acf200', '8895FH78B', 'ธรรมศาสน์วิทยา', 'ทดสอบ1', '', 'อำเภอควนโดน', 'สตูล', '91160', '2017-07-29 00:40:41', b'1'),
(201, 'acf201', 'acf201', '9F828221J', 'อิสลามวิทยามูลนิธิ', 'ทดสอบ1', '', 'อำเภอควนโดน', 'สตูล', '91160', '2017-07-29 00:40:41', b'1'),
(202, 'acf202', 'acf202', 'Y9N497MTO', 'ดารุลมาอาเรฟมูลนิธิ', 'ทดสอบ1', '', 'อำเภอควนโดน', 'สตูล', '91160', '2017-07-29 00:40:41', b'1'),
(203, 'acf203', 'acf203', '1FPS119G5', 'ดารุลอูลูม', 'ทดสอบ1', '', 'อำเภอควนโดน', 'สตูล', '91160', '2017-07-29 00:40:41', b'1'),
(204, 'acf204', 'acf204', '9GI1RU99W', 'อิสลามศึกษาดารุ้ลบิร', 'ทดสอบ1', '', 'อำเภอควนโดน', 'สตูล', '91160', '2017-07-29 00:40:42', b'1'),
(205, 'acf205', 'acf205', 'G745D1X2F', 'ตัรกี้ยะตุลอุมมะห์', 'ทดสอบ1', '', 'อำเภอท่าแพ', 'สตูล', '91150', '2017-07-29 00:40:42', b'1'),
(206, 'acf206', 'acf206', '6005G536', 'ศาสนธรรมวิทยา', 'ทดสอบ1', '', 'อำเภอทุ่งหว้า', 'สตูล', '91120', '2017-07-29 00:40:42', b'1'),
(207, 'acf207', 'acf207', '832C33E0J', 'อรุณศาสน์วิทยามูลนิธิ', 'ทดสอบ1', '', 'อำเภอควนกาหลง', 'สตูล', '91130', '2017-07-29 00:40:42', b'1'),
(208, 'acf208', 'acf208', '3OW27F12G', 'สามัคคีอิสลามวิทยา', 'ทดสอบ1', '', 'อำเภอควนกาหลง', 'สตูล', '91130', '2017-07-29 00:40:42', b'1'),
(209, 'acf209', 'acf209', 'U5446T2B9', 'ต.ช.ด.บ้านส้านแดง', 'ทดสอบ1', '', 'อำเภอควนกาหลง', 'สตูล', '91130', '2017-07-29 00:40:42', b'1'),
(210, 'acf210', 'acf210', '1669GN0D6', 'ต.ช.ด.ยูงทองรัฐประชาสรรค์', 'ทดสอบ1', '', 'อำเภอควนกาหลง', 'สตูล', '91130', '2017-07-29 00:40:42', b'1'),
(211, 'acf211', 'acf211', 'SXVZU3595', 'เทศบาล ๑ (วัดสตูลสันตยาราม)', 'ทดสอบ1', '', 'อำเภอเมือง', 'สตูล', '91000', '2017-07-29 00:40:42', b'1'),
(212, 'acf212', 'acf212', '2381S9U5S', 'เทศบาล ๒ (วัดชนาธิปเฉลิม)', 'ทดสอบ1', '', 'อำเภอเมือง', 'สตูล', '91000', '2017-07-29 00:40:42', b'1'),
(213, 'acf213', 'acf213', 'I0H531U5', 'เทศบาล ๓ (บ้านหัวทาง)', 'ทดสอบ1', '', 'อำเภอเมือง', 'สตูล', '91000', '2017-07-29 00:40:42', b'1'),
(214, 'acf214', 'acf214', '211860ZR5', 'เทศบาล ๔ (บ้านศาลากันตง)', 'ทดสอบ1', '', 'อำเภอเมือง', 'สตูล', '91000', '2017-07-29 00:40:42', b'1'),
(215, 'acf215', 'acf215', 'K826RXS4', 'วิทยาลัยเทคนิคสตูล', 'ทดสอบ1', '', 'อำเภอเมือง', 'สตูล', '91000', '2017-07-29 00:40:42', b'1'),
(216, 'acf216', 'acf216', 'U5Y3D3E1', 'วิทยาลัยการเกษตรและเทคโนโลยีสตูล', 'ทดสอบ1', '', 'อำเภอควนกาหลง', 'สตูล', '91130', '2017-07-29 00:40:43', b'1'),
(217, 'acf217', 'acf217', '257398ZGG', 'วิทยาลัยการอาชีพละงู', 'ทดสอบ1', '', 'อำเภอละงู', 'สตูล', '91110', '2017-07-29 00:40:43', b'1'),
(218, 'acf218', 'acf218', 'YWSMB198Z', 'รุ่งอรุณวิทยานุสรณ์', 'ทดสอบ1', '', 'อำเภอควนกาหลง', 'สตูล', '91130', '2017-07-29 00:40:43', b'1'),
(219, 'acf219', 'acf219', 'N1239AJV0', 'คณะราษฎรบำรุง จังหวัดยะลา', 'ทดสอบ1', '', 'อำเภอเมือง', 'ยะลา', '95000', '2017-07-29 00:40:43', b'1'),
(220, 'acf220', 'acf220', '7V53YN0ZP', 'สตรียะลา', 'ทดสอบ1', '', 'อำเภอเมือง', 'ยะลา', '95000', '2017-07-29 00:40:43', b'1'),
(221, 'acf221', 'acf221', '1FPS119G5', 'เบตง”วีระราษฎร์ประสาน”', 'ทดสอบ1', '', 'อำเภอเบตง', 'ยะลา', '95110', '2017-07-29 00:40:43', b'1'),
(222, 'acf222', 'acf222', '2553X9120', 'อนุบาลยะลา', 'ทดสอบ1', '', 'อำเภอเมือง', 'ยะลา', '95000', '2017-07-29 00:40:43', b'1'),
(223, 'acf223', 'acf223', '54G3FFJ9K', 'นิบงชนูปถัมภ์', 'ทดสอบ1', '', 'อำเภอเมือง', 'ยะลา', '95000', '2017-07-29 00:40:43', b'1'),
(224, 'acf224', 'acf224', '10B9SU2', 'พัฒนาวิทยา', 'ทดสอบ1', '', 'อำเภอเมือง', 'ยะลา', '95000', '2017-07-29 00:40:43', b'1'),
(225, 'acf225', 'acf225', 'A4ITPU74R', 'อิสลาฮียะห์', 'ทดสอบ1', '', 'อำเภอเมือง', 'ยะลา', '95000', '2017-07-29 00:40:43', b'1'),
(226, 'acf226', 'acf226', 'WS9E82KR3', 'ศานติธรรม', 'ทดสอบ1', '', 'อำเภอเมือง', 'ยะลา', '95000', '2017-07-29 00:40:43', b'1'),
(227, 'acf227', 'acf227', '65J19656U', 'เฉลิมพระเกียรติสมเด็จพระศรีนครินทร์ ยะลา', 'ทดสอบ1', '', 'อำเภอเมือง', 'ยะลา', '95000', '2017-07-29 00:40:43', b'1'),
(228, 'acf228', 'acf228', '6781OX6TY', 'สตรีอิสลามวิทยามูลนิธิ', 'ทดสอบ1', '', 'อำเภอเมือง', 'ยะลา', '95000', '2017-07-29 00:40:43', b'1'),
(229, 'acf229', 'acf229', '10B9SU2', 'เจริญศาสน์วิทยา', 'ทดสอบ1', '', 'อำเภอบันนังสตา', 'ยะลา', '95130', '2017-07-29 00:40:43', b'1'),
(230, 'acf230', 'acf230', 'N2KN9HI4A', 'เบญจมราชูทิศ จังหวัดปัตตานี', 'ทดสอบ1', '', 'อำเภอเมือง', 'ปัตตานี', '94000', '2017-07-29 00:40:44', b'1'),
(231, 'acf231', 'acf231', 'NWWKG2822', 'เดชะปัตตนยานุกูล', 'ทดสอบ1', '', 'อำเภอเมือง', 'ปัตตานี', '94000', '2017-07-29 00:40:44', b'1'),
(232, 'acf232', 'acf232', 'NS9JX3GKT', 'โพธิ์คีรีราชศึกษา', 'ทดสอบ1', '', 'อำเภอโคกโพธิ์', 'ปัตตานี', '94120', '2017-07-29 00:40:44', b'1'),
(233, 'acf233', 'acf233', 'B9KN1IK27', 'อนุบาลปัตตานี', 'ทดสอบ1', '', 'อำเภอเมือง', 'ปัตตานี', '94000', '2017-07-29 00:40:44', b'1'),
(234, 'acf234', 'acf234', '53P1ADZH0', 'อนุบาลสาธิต', 'ทดสอบ1', '', 'อำเภอเมือง', 'ปัตตานี', '94000', '2017-07-29 00:40:44', b'1'),
(235, 'acf235', 'acf235', 'G0S79MK07', 'จ้องฮั้ว', 'ทดสอบ1', '', 'อำเภอเมือง', 'ปัตตานี', '94000', '2017-07-29 00:40:44', b'1'),
(236, 'acf236', 'acf236', '485B83KMW', 'จิปิภพพิทยา', 'ทดสอบ1', '', 'อำเภอโคกโพธิ์', 'ปัตตานี', '94120', '2017-07-29 00:40:44', b'1'),
(237, 'acf237', 'acf237', '25UFM833D', 'เทศบาล 1 บ้านตะลุบัน', 'ทดสอบ1', '', 'อำเภอสายบุรี', 'ปัตตานี', '94110', '2017-07-29 00:40:44', b'1'),
(238, 'acf238', 'acf238', 'V323TDC41', 'สายบุรีอิสลามวิทยา', 'ทดสอบ1', '', 'อำเภอสายบุรี', 'ปัตตานี', '94110', '2017-07-29 00:40:44', b'1'),
(239, 'acf239', 'acf239', 'W1TCUCB2', 'เจริญศรีศึกษา', 'ทดสอบ1', '', 'อำเภอเมือง', 'ปัตตานี', '94000', '2017-07-29 00:40:44', b'1'),
(240, 'acf240', 'acf240', '9T99N78Z5', 'สายบุรี “แจ้งประภาคาร”', 'ทดสอบ1', '', 'อำเภอสายบุรี', 'ปัตตานี', '94110', '2017-07-29 00:40:45', b'1'),
(241, 'acf241', 'acf241', 'MCU7694NN', 'ศาสนูปถัมภ์', 'ทดสอบ1', '', 'อำเภอเมือง', 'ปัตตานี', '94000', '2017-07-29 00:40:45', b'1'),
(242, 'acf242', 'acf242', 'H3X831VC8', 'นราธิวาส', 'ทดสอบ1', '', 'อำเภอเมือง', 'นราธิวาส', '96000', '2017-07-29 00:40:45', b'1'),
(243, 'acf243', 'acf243', 'M8PW3381T', 'นราสิกขาลัย', 'ทดสอบ1', '', 'อำเภอเมือง', 'นราธิวาส', '96000', '2017-07-29 00:40:45', b'1'),
(244, 'acf244', 'acf244', 'TEHHC82K', 'สุไหงโก-ลก', 'ทดสอบ1', '', 'อำเภอสุไหงโก-ลก', 'นราธิวาส', '96120', '2017-07-29 00:40:45', b'1'),
(245, 'acf245', 'acf245', 'P25W6KA8G', 'อนุบาลนราธิวาส', 'ทดสอบ1', '', 'อำเภอเมือง', 'นราธิวาส', '96000', '2017-07-29 00:40:45', b'1'),
(246, 'acf246', 'acf246', 'D7NYO627K', 'บางนราวิทยา', 'ทดสอบ1', '', 'อำเภอเมือง', 'นราธิวาส', '96000', '2017-07-29 00:40:45', b'1'),
(247, 'acf247', 'acf247', 'N273692Z2', 'พิมานวิทย์นราธิวาส', 'ทดสอบ1', '', 'อำเภอเมือง', 'นราธิวาส', '96000', '2017-07-29 00:40:46', b'1'),
(248, 'acf248', 'acf248', 'PGG9HYVFG', 'เกษมทรัพย์', 'ทดสอบ1', '', 'อำเภอสุไหงโก-ลก', 'นราธิวาส', '96120', '2017-07-29 00:40:46', b'1'),
(249, 'acf249', 'acf249', '8R2UC14SW', 'บ้านสุไหงโก-ลก', 'ทดสอบ1', '', 'อำเภอสุไหงโก-ลก', 'นราธิวาส', '96120', '2017-07-29 00:40:46', b'1'),
(250, 'acf250', 'acf250', '2YVX166R', 'รังผึ้ง', 'ทดสอบ1', '', 'อำเภอสุไหงโก-ลก', 'นราธิวาส', '96120', '2017-07-29 00:40:46', b'1'),
(251, 'acf251', 'acf251', 'HU471FT0G', 'มูลนิธิโรงเรียนเจริญศึกษา', 'ทดสอบ1', '', 'อำเภอระแงะ', 'นราธิวาส', '96130', '2017-07-29 00:40:46', b'1'),
(252, 'acf252', 'acf252', '8UH283G', 'อัตตัรกียะห์อิสลามียะห์', 'ทดสอบ1', '', 'อำเภอเมือง', 'นราธิวาส', '96000', '2017-07-29 00:40:46', b'1'),
(253, 'acf253', 'acf253', 'M8PW3381T', 'ดารุสสาลาม', 'ทดสอบ1', '', 'อำเภอระแงะ', 'นราธิวาส', '96130', '2017-07-29 00:40:46', b'1'),
(254, 'acf254', 'acf254', 'FE82K1ZRB', 'เทศบาล 3 (บ้านยะกัง)', 'ทดสอบ1', '', 'อำเภอเมือง', 'นราธิวาส', '96000', '2017-07-29 00:40:46', b'1'),
(255, 'acf255', 'acf255', '1FPS119G5', 'วัดชลธาราสิงเห (เสาร์ศึกษาคาร)', 'ทดสอบ1', '', 'อำเภอตากใบ', 'นราธิวาส', '96110', '2017-07-29 00:40:46', b'1'),
(256, 'acf256', 'acf256', 'T467G55S2', 'ตันหยงมัส', 'ทดสอบ1', '', 'อำเภอระแงะ', 'นราธิวาส', '96130', '2017-07-29 00:40:46', b'1'),
(257, 'acf257', 'acf257', 'H197521HK', 'ราชประชานุเคราะห์ 39', 'ทดสอบ1', '', 'อำเภอระแงะ', 'นราธิวาส', '96130', '2017-07-29 00:40:46', b'1'),
(258, 'acf258', 'acf258', '10B9SU2', 'มหาวชิราวุธ จังหวัดสงขลา', 'ทดสอบ1', '', 'อำเภอเมือง', 'สงขลา', '90000', '2017-07-29 00:40:46', b'1'),
(259, 'acf259', 'acf259', 'YM90B99R', 'วรนารีเฉลิมจังหวัดสงขลา', 'ทดสอบ1', '', 'อำเภอเมือง', 'สงขลา', '90000', '2017-07-29 00:40:46', b'1'),
(260, 'acf260', 'acf260', '9W62S826Y', 'เกาะแต้วพิทยาสรรค์', 'ทดสอบ1', '', 'อำเภอเมือง', 'สงขลา', '90000', '2017-07-29 00:40:46', b'1'),
(261, 'acf261', 'acf261', 'S6FF6OEM2', 'นวมินทราชูทิศ ทักษิณ', 'ทดสอบ1', '', 'อำเภอเมือง', 'สงขลา', '90000', '2017-07-29 00:40:47', b'1'),
(262, 'acf262', 'acf262', '6C2180JPO', 'ธรรมโฆษิต', 'ทดสอบ1', '', 'อำเภอนาหม่อม', 'สงขลา', '90310', '2017-07-29 00:40:47', b'1'),
(263, 'acf263', 'acf263', 'IRXOCZ073', 'สงขลาวิทยาคม', 'ทดสอบ1', '', 'อำเภอสิงหนคร', 'สงขลา', '90280', '2017-07-29 00:40:47', b'1'),
(264, 'acf264', 'acf264', '7RNHCTS78', 'ชะแล้นิมิตวิทยา', 'ทดสอบ1', '', 'อำเภอสิงหนคร', 'สงขลา', '90280', '2017-07-29 00:40:47', b'1'),
(265, 'acf265', 'acf265', '162GBB5Y4', 'กระแสสินธุ์วิทยา', 'ทดสอบ1', '', 'อำเภอกระแสสินธุ์', 'สงขลา', '90270', '2017-07-29 00:40:47', b'1'),
(266, 'acf266', 'acf266', 'A55W4JZ0N', 'สทิงพระวิทยา', 'ทดสอบ1', '', 'อำเภอสทิงพระ', 'สงขลา', '90190', '2017-07-29 00:40:47', b'1'),
(267, 'acf267', 'acf267', '3GDKG08D3', 'สทิงพระชนูปถัมภ์', 'ทดสอบ1', '', 'อำเภอสทิงพระ', 'สงขลา', '90190', '2017-07-29 00:40:47', b'1'),
(268, 'acf268', 'acf268', 'R8235256Z', 'ระโนดวิทยา', 'ทดสอบ1', '', 'อำเภอระโนด', 'สงขลา', '90140', '2017-07-29 00:40:47', b'1'),
(269, 'acf269', 'acf269', '95J99O783', 'ระโนด', 'ทดสอบ1', '', 'อำเภอระโนด', 'สงขลา', '90140', '2017-07-29 00:40:47', b'1'),
(270, 'acf270', 'acf270', 'Z93SHDP9', 'สามบ่อวิทยา', 'ทดสอบ1', '', 'อำเภอระโนด', 'สงขลา', '90140', '2017-07-29 00:40:47', b'1'),
(271, 'acf271', 'acf271', 'P03Y27MPN', 'ตะเครียะวิทยาคม', 'ทดสอบ1', '', 'อำเภอระโนด', 'สงขลา', '90140', '2017-07-29 00:40:47', b'1'),
(272, 'acf272', 'acf272', '74N71TW3C', 'คลองแดนวิทยา', 'ทดสอบ1', '', 'อำเภอระโนด', 'สงขลา', '90140', '2017-07-29 00:40:47', b'1'),
(273, 'acf273', 'acf273', '45DG4D5B0', 'หาดใหญ่วิทยาลัย', 'ทดสอบ1', '', 'อำเภอหาดใหญ่', 'สงขลา', '90110', '2017-07-29 00:40:47', b'1'),
(274, 'acf274', 'acf274', 'N3M5WB7R6', 'หาดใหญ่วิทยาลัยสมบูรณ์กุลกันยา', 'ทดสอบ1', '', 'อำเภอหาดใหญ่', 'สงขลา', '90110', '2017-07-29 00:40:47', b'1'),
(275, 'acf275', 'acf275', '162GBB5Y4', 'หาดใหญ่รัฐประชาสรรค์', 'ทดสอบ1', '', 'อำเภอหาดใหญ่', 'สงขลา', '90110', '2017-07-29 00:40:48', b'1'),
(276, 'acf276', 'acf276', 'E4GP49UN1', 'หาดใหญ่วิทยาลัย 2', 'ทดสอบ1', '', 'อำเภอหาดใหญ่', 'สงขลา', '90110', '2017-07-29 00:40:48', b'1'),
(277, 'acf277', 'acf277', '7C0SWO144', 'หาดใหญ่พิทยาคม', 'ทดสอบ1', '', 'อำเภอหาดใหญ่', 'สงขลา', '90110', '2017-07-29 00:40:48', b'1'),
(278, 'acf278', 'acf278', 'A4OU6G5W8', 'พะตงประธานคีรีวัฒน์', 'ทดสอบ1', '', 'อำเภอหาดใหญ่', 'สงขลา', '90110', '2017-07-29 00:40:48', b'1'),
(279, 'acf279', 'acf279', '7124KI255', 'คูเต่าวิทยา', 'ทดสอบ1', '', 'อำเภอหาดใหญ่', 'สงขลา', '90110', '2017-07-29 00:40:48', b'1'),
(280, 'acf280', 'acf280', '97H3AE2D6', 'หาดใหญ่เจริญราษฎร์พิทยา', 'ทดสอบ1', '', 'อำเภอหาดใหญ่', 'สงขลา', '90110', '2017-07-29 00:40:48', b'1'),
(281, 'acf281', 'acf281', '240G79RU', 'รัตนพลวิทยา', 'ทดสอบ1', '', 'อำเภอคลองหอยโข่ง', 'สงขลา', '90230', '2017-07-29 00:40:48', b'1'),
(282, 'acf282', 'acf282', '2U72G5758', 'บางกล่ำวิทยารัชมังคลาภิเษก', 'ทดสอบ1', '', 'อำเภอบางกล่ำ', 'สงขลา', '90110', '2017-07-29 00:40:48', b'1'),
(283, 'acf283', 'acf283', '1GZB6G3V7', 'ควนเนียงวิทยา', 'ทดสอบ1', '', 'อำเภอควนเนียง', 'สงขลา', '90220', '2017-07-29 00:40:48', b'1'),
(284, 'acf284', 'acf284', 'YD8KMFUJ4', 'ปากจ่าวิทยา', 'ทดสอบ1', '', 'อำเภอควนเนียง', 'สงขลา', '90220', '2017-07-29 00:40:49', b'1'),
(285, 'acf285', 'acf285', '6IT62G293', 'รัตภูมิวิทยา', 'ทดสอบ1', '', 'อำเภอรัตภูมิ', 'สงขลา', '90180', '2017-07-29 00:40:49', b'1'),
(286, 'acf286', 'acf286', 'M4D7ADD3C', 'มัธยมสิริวัณวรี 2 สงขลา', 'ทดสอบ1', '', 'อำเภอรัตภูมิ', 'สงขลา', '90180', '2017-07-29 00:40:49', b'1'),
(287, 'acf287', 'acf287', 'M8PW3381T', 'สะเดา “ขรรค์ชัย กัมพลานนท์ อนุสรณ์”', 'ทดสอบ1', '', 'อำเภอสะเดา', 'สงขลา', '90120', '2017-07-29 00:40:49', b'1'),
(288, 'acf288', 'acf288', '3OW27F12G', 'กอบกุลวิทยาคม', 'ทดสอบ1', '', 'อำเภอสะเดา', 'สงขลา', '90120', '2017-07-29 00:40:49', b'1'),
(289, 'acf289', 'acf289', '3951S0764', 'ปาดังติณสูลานนท์', 'ทดสอบ1', '', 'อำเภอสะเดา', 'สงขลา', '90120', '2017-07-29 00:40:49', b'1'),
(290, 'acf290', 'acf290', 'WNZC404S', 'จะนะชนูปถัมภ์', 'ทดสอบ1', '', 'อำเภอจะนะ', 'สงขลา', '90130', '2017-07-29 00:40:49', b'1'),
(291, 'acf291', 'acf291', 'O3YE1740J', 'จะนะวิทยา', 'ทดสอบ1', '', 'อำเภอจะนะ', 'สงขลา', '90130', '2017-07-29 00:40:49', b'1'),
(292, 'acf292', 'acf292', '328PZKXRC', 'จะโหนงพิทยาคม', 'ทดสอบ1', '', 'อำเภอจะนะ', 'สงขลา', '90130', '2017-07-29 00:40:49', b'1'),
(293, 'acf293', 'acf293', '4I2UGFO5G', 'ไม้แก่นประชาอุทิศ', 'ทดสอบ1', '', 'อำเภอจะนะ', 'สงขลา', '90130', '2017-07-29 00:40:50', b'1'),
(294, 'acf294', 'acf294', 'UZ7580FOM', 'เทพา', 'ทดสอบ1', '', 'อำเภอเทพา', 'สงขลา', '90150', '2017-07-29 00:40:50', b'1'),
(295, 'acf295', 'acf295', '6MEI4UJP6', 'เทพพิทยาภาณุมาศ', 'ทดสอบ1', '', 'อำเภอเทพา', 'สงขลา', '90150', '2017-07-29 00:40:50', b'1'),
(296, 'acf296', 'acf296', 'CKNG78BCZ', 'สะบ้าย้อยวิทยา', 'ทดสอบ1', '', 'อำเภอสะบ้าย้อย', 'สงขลา', '90210', '2017-07-29 00:40:50', b'1'),
(297, 'acf297', 'acf297', '8G8T7T8F', 'เขาแดงกุศลวิทยา', 'ทดสอบ1', '', 'อำเภอสะบ้าย้อย', 'สงขลา', '90210', '2017-07-29 00:40:50', b'1'),
(298, 'acf298', 'acf298', '6C2180JPO', 'นาทวีวิทยาคม', 'ทดสอบ1', '', 'อำเภอนาทวี', 'สงขลา', '90160', '2017-07-29 00:40:51', b'1'),
(299, 'acf299', 'acf299', 'TX0V5TH58', 'ทับช้างวิทยาคม', 'ทดสอบ1', '', 'อำเภอนาทวี', 'สงขลา', '90160', '2017-07-29 00:40:51', b'1'),
(300, 'acf300', 'acf300', 'O1O27JD34', 'วัดแม่เปียะ', 'ทดสอบ1', '', 'อำเภอนาหม่อม', 'สงขลา', '90310', '2017-07-29 00:40:51', b'1'),
(301, 'acf301', 'acf301', 'JH6I3G5W', 'บ้านควนเนียง', 'ทดสอบ1', '', 'อำเภอควนเนียง', 'สงขลา', '90220', '2017-07-29 00:40:51', b'1'),
(302, 'acf302', 'acf302', '813054PFX', 'บ้านทุ่งมะขาม', 'ทดสอบ1', '', 'อำเภอรัตภูมิ', 'สงขลา', '90180', '2017-07-29 00:40:51', b'1'),
(303, 'acf303', 'acf303', 'N273692Z2', 'บ้านกำแพงเพชร', 'ทดสอบ1', '', 'อำเภอรัตภูมิ', 'สงขลา', '90180', '2017-07-29 00:40:52', b'1'),
(304, 'acf304', 'acf304', '8G8T7T8F', 'บ้านเขาพระ', 'ทดสอบ1', '', 'อำเภอรัตภูมิ', 'สงขลา', '90180', '2017-07-29 00:40:52', b'1'),
(305, 'acf305', 'acf305', 'D52V50D1P', 'บ้านระตะ', 'ทดสอบ1', '', 'อำเภอสะเดา', 'สงขลา', '90120', '2017-07-29 00:40:52', b'1'),
(306, 'acf306', 'acf306', '8O7BYR2C4', 'อนุบาลสงขลา', 'ทดสอบ1', '', 'อำเภอเมือง', 'สงขลา', '90000', '2017-07-29 00:40:52', b'1'),
(307, 'acf307', 'acf307', '4A74I1N0T', 'สาธิตมหาวิทยาลัยราชภัฏสงขลา', 'ทดสอบ1', '', 'อำเภอเมือง', 'สงขลา', '90000', '2017-07-29 00:40:52', b'1'),
(308, 'acf308', 'acf308', '0344HX63A', 'วิเชียรชม', 'ทดสอบ1', '', 'อำเภอเมือง', 'สงขลา', '90000', '2017-07-29 00:40:53', b'1'),
(309, 'acf309', 'acf309', '01MJ4CFE3', 'พลวิทยา', 'ทดสอบ1', '', 'อำเภอหาดใหญ่', 'สงขลา', '90110', '2017-07-29 00:40:53', b'1'),
(310, 'acf310', 'acf310', 'B973VJU0', 'พลวิทยาระบบสองภาษา', 'ทดสอบ1', '', 'อำเภอหาดใหญ่', 'สงขลา', '90110', '2017-07-29 00:40:54', b'1'),
(311, 'acf311', 'acf311', 'NE9G276P5', 'ศรีนครมูลนิธิ', 'ทดสอบ1', '', 'อำเภอหาดใหญ่', 'สงขลา', '90110', '2017-07-29 00:40:54', b'1'),
(312, 'acf312', 'acf312', 'RFEM19P6C', 'พะตงวิทยามูลนิธิ', 'ทดสอบ1', '', 'อำเภอหาดใหญ่', 'สงขลา', '90110', '2017-07-29 00:40:54', b'1'),
(313, 'acf313', 'acf313', '2T98469E1', 'สุวรรณวงศ์', 'ทดสอบ1', '', 'อำเภอหาดใหญ่', 'สงขลา', '90110', '2017-07-29 00:40:59', b'1'),
(314, 'acf314', 'acf314', 'F5G26I6NT', 'วรพัฒน์', 'ทดสอบ1', '', 'อำเภอหาดใหญ่', 'สงขลา', '90110', '2017-07-29 00:41:00', b'1'),
(315, 'acf315', 'acf315', '1669GN0D6', 'บุญเลิศอนุสรณ์', 'ทดสอบ1', '', 'อำเภอหาดใหญ่', 'สงขลา', '90110', '2017-07-29 00:41:00', b'1'),
(316, 'acf316', 'acf316', '5MK83I6R7', 'พัฒนศึกษา', 'ทดสอบ1', '', 'อำเภอหาดใหญ่', 'สงขลา', '90110', '2017-07-29 00:41:00', b'1'),
(317, 'acf317', 'acf317', 'Y54N82G6G', 'เทศบาล ๑ (เอ็งเสียงสามัคคี)', 'ทดสอบ1', '', 'อำเภอหาดใหญ่', 'สงขลา', '90110', '2017-07-29 00:41:01', b'1'),
(318, 'acf318', 'acf318', '8O7BYR2C4', 'กอบกาญจน์ศึกษามูลนิธิ', 'ทดสอบ1', '', 'อำเภอหาดใหญ่', 'สงขลา', '90110', '2017-07-29 00:41:01', b'1'),
(319, 'acf319', 'acf319', 'Y7CONICAP', 'ทวีรัตน์', 'ทดสอบ1', '', 'อำเภอหาดใหญ่', 'สงขลา', '90110', '2017-07-29 00:41:01', b'1'),
(320, 'acf320', 'acf320', 'U27SN5Z8V', 'เทศบาล ๔ (วัดคลองเรียน)', 'ทดสอบ1', '', 'อำเภอหาดใหญ่', 'สงขลา', '90110', '2017-07-29 00:41:01', b'1'),
(321, 'acf321', 'acf321', '0K11P2OI5', 'ธิดานุเคราะห์', 'ทดสอบ1', '', 'อำเภอหาดใหญ่', 'สงขลา', '90110', '2017-07-29 00:41:01', b'1'),
(322, 'acf322', 'acf322', '68ZGJRAX5', 'แสงทองวิทยา', 'ทดสอบ1', '', 'อำเภอหาดใหญ่', 'สงขลา', '90110', '2017-07-29 00:41:01', b'1'),
(323, 'acf323', 'acf323', 'B98JY8D1F', 'หาดใหญ่วิทยาคาร', 'ทดสอบ1', '', 'อำเภอหาดใหญ่', 'สงขลา', '90110', '2017-07-29 00:41:01', b'1'),
(324, 'acf324', 'acf324', 'D52V50D1P', 'ส่งเสริมศาสนาวิทยามูลนิธิ', 'ทดสอบ1', '', 'อำเภอหาดใหญ่', 'สงขลา', '90110', '2017-07-29 00:41:02', b'1'),
(325, 'acf325', 'acf325', 'W10ZK704O', 'เสนพงศ์', 'ทดสอบ1', '', 'อำเภอสะเดา', 'สงขลา', '90120', '2017-07-29 00:41:02', b'1'),
(326, 'acf326', 'acf326', '2AB4B32M', 'กฤษณาวิทยา', 'ทดสอบ1', '', 'อำเภอสะเดา', 'สงขลา', '90120', '2017-07-29 00:41:02', b'1'),
(327, 'acf327', 'acf327', 'DCTZUAGFX', 'เทศบาล ๑ บ้านสะเดา', 'ทดสอบ1', '', 'อำเภอสะเดา', 'สงขลา', '90120', '2017-07-29 00:41:02', b'1'),
(328, 'acf328', 'acf328', '01MJ4CFE3', 'จิราภรณ์', 'ทดสอบ1', '', 'อำเภอรัตภูมิ', 'สงขลา', '90180', '2017-07-29 00:41:02', b'1'),
(329, 'acf329', 'acf329', '6MEI4UJP6', 'วัดหัวป่า', 'ทดสอบ1', '', 'อำเภอระโนด', 'สงขลา', '90140', '2017-07-29 00:41:02', b'1'),
(330, 'acf330', 'acf330', '9F828221J', 'ศรีนครินทร์วิทยานุเคราะห์', 'ทดสอบ1', '', 'อำเภอนาทวี', 'สงขลา', '90160', '2017-07-29 00:41:02', b'1'),
(331, 'acf331', 'acf331', '7Z0PA77H7', 'สวัสดิ์บวร', 'ทดสอบ1', '', 'อำเภอหาดใหญ่', 'สงขลา', '90110', '2017-07-29 00:41:02', b'1'),
(332, 'acf332', 'acf332', '8EPX1H7IZ', 'เตรียมบัณฑิตพิชชาลัย', 'ทดสอบ1', '', 'อำเภอหาดใหญ่', 'สงขลา', '90110', '2017-07-29 00:41:03', b'1'),
(333, 'acf333', 'acf333', '3SJKW4V58', 'สายชล', 'ทดสอบ1', '', 'อำเภอนาทวี', 'สงขลา', '90160', '2017-07-29 00:41:03', b'1'),
(334, 'acf334', 'acf334', 'GWZCW49RY', 'ภักดีศึกษามูลนิธิ', 'ทดสอบ1', '', '421 หมู่ที่ 5 ตำบลพะวง ', 'อำเภอเมือง สงขลา', '90100', '2017-07-29 00:41:03', b'1'),
(335, 'acf335', 'acf335', 'JOEHY8609', 'วิทยาสรรค์ศึกษา', 'ทดสอบ1', '', 'อำเภอรัตภูมิ', 'สงขลา', '90180', '2017-07-29 00:41:03', b'1'),
(336, 'acf336', 'acf336', '7R329YZKT', 'อนุบาลนครหาดใหญ่ (นะ สุวรรณวงศ์)', 'ทดสอบ1', '', 'อำเภอหาดใหญ่', 'สงขลา', '90110', '2017-07-29 00:41:03', b'1'),
(337, 'acf337', 'acf337', 'CK22S0H7U', 'ป่าเรียนวิทยา', 'ทดสอบ1', '', 'อำเภอบางกล่ำ', 'สงขลา', '90110', '2017-07-29 00:41:03', b'1'),
(338, 'acf338', 'acf338', '8BWRZF365', 'วงศ์วิทย์', 'ทดสอบ1', '', 'อำเภอสะเดา', 'สงขลา', '90120', '2017-07-29 00:41:03', b'1'),
(339, 'acf339', 'acf339', '63W983Y35', 'พัฒนาวิทยามูลนิธิ', 'ทดสอบ1', '', 'อำเภอบางกล่ำ', 'สงขลา', '90110', '2017-07-29 00:41:03', b'1'),
(340, 'acf340', 'acf340', 'U5Y3D3E1', 'ส่องแสงพณิชยการ', 'ทดสอบ1', '', 'อำเภอหาดใหญ่', 'สงขลา', '90110', '2017-07-29 00:41:03', b'1'),
(341, 'acf341', 'acf341', 'A55W4JZ0N', 'เทศบาล ๒ (บ้านหาดใหญ่)', 'ทดสอบ1', '', 'อำเภอหาดใหญ่', 'สงขลา', '90110', '2017-07-29 00:41:03', b'1'),
(342, 'acf342', 'acf342', '4JGSOO5M', 'เทศบาล ๓ (โศภนพิทยาคุณานุสรณ์)', 'ทดสอบ1', '', 'อำเภอหาดใหญ่', 'สงขลา', '90110', '2017-07-29 00:41:04', b'1'),
(343, 'acf343', 'acf343', '8N75YUJ6', 'ดาวนายร้อย', 'ทดสอบ1', '', '304 หมู่ที่ 8 ตำบลเขารูปช้าง ', 'อำเภอเมือง สงขลา', '90000', '2017-07-29 00:41:04', b'1'),
(344, 'acf344', 'acf344', '92EC5Y1G6', 'พัทลุง', 'ทดสอบ1', '', 'อำเภอเมือง', 'พัทลุง', '93000', '2017-07-29 00:41:04', b'1'),
(345, 'acf345', 'acf345', 'ART60F115', 'สตรีพัทลุง', 'ทดสอบ1', '', 'อำเภอเมือง', 'พัทลุง', '93000', '2017-07-29 00:41:04', b'1'),
(346, 'acf346', 'acf346', 'P99A614BF', 'พัทลุงพิทยาคม', 'ทดสอบ1', '', 'อำเภอเมือง', 'พัทลุง', '93000', '2017-07-29 00:41:04', b'1'),
(347, 'acf347', 'acf347', '54G3FFJ9K', 'ประภัสสรรังสิต', 'ทดสอบ1', '', 'อำเภอเมือง', 'พัทลุง', '93000', '2017-07-29 00:41:04', b'1'),
(348, 'acf348', 'acf348', 'XFJ8B499V', 'วชิรธรรมสถิต', 'ทดสอบ1', '', 'อำเภอเมือง', 'พัทลุง', '93000', '2017-07-29 00:41:04', b'1'),
(349, 'acf349', 'acf349', '3KS6TI4MG', 'พรหมพินิตชัยบุรี', 'ทดสอบ1', '', 'อำเภอเมือง', 'พัทลุง', '93000', '2017-07-29 00:41:04', b'1'),
(350, 'acf350', 'acf350', 'UYKR1K2A1', 'ศึกษาสงเคราะห์พัทลุง', 'ทดสอบ1', '', 'อำเภอเมือง', 'พัทลุง', '93000', '2017-07-29 00:41:04', b'1'),
(351, 'acf351', 'acf351', '3023X12I8', 'ควนขนุน', 'ทดสอบ1', '', 'อำเภอควนขนุน', 'พัทลุง', '93110', '2017-07-29 00:41:05', b'1'),
(352, 'acf352', 'acf352', 'S8G119ODF', 'ปัญญาวุธ', 'ทดสอบ1', '', 'อำเภอควนขนุน', 'พัทลุง', '93110', '2017-07-29 00:41:05', b'1'),
(353, 'acf353', 'acf353', 'Z98V56XC', 'นาขยาดวิทยาคาร', 'ทดสอบ1', '', 'อำเภอควนขนุน', 'พัทลุง', '93110', '2017-07-29 00:41:05', b'1'),
(354, 'acf354', 'acf354', 'KB4802M92', 'ดอนศาลานำวิทยา', 'ทดสอบ1', '', 'อำเภอควนขนุน', 'พัทลุง', '93110', '2017-07-29 00:41:05', b'1'),
(355, 'acf355', 'acf355', 'PSUWXU9H6', 'อุดมวิทยายน', 'ทดสอบ1', '', 'อำเภอควนขนุน', 'พัทลุง', '93110', '2017-07-29 00:41:05', b'1'),
(356, 'acf356', 'acf356', '14KOI1C', 'พนางตุง', 'ทดสอบ1', '', 'อำเภอควนขนุน', 'พัทลุง', '93110', '2017-07-29 00:41:05', b'1'),
(357, 'acf357', 'acf357', 'R9756PF91', 'ป่าพะยอมพิทยาคม', 'ทดสอบ1', '', 'อำเภอป่าพะยอม', 'พัทลุง', '93110', '2017-07-29 00:41:05', b'1'),
(358, 'acf358', 'acf358', '656A62ODA', 'นิคมควนขนุนวิทยา', 'ทดสอบ1', '', 'อำเภอป่าพะยอม', 'พัทลุง', '93110', '2017-07-29 00:41:05', b'1'),
(359, 'acf359', 'acf359', 'G4TC50D4', 'ศรีบรรพตพิทยาคม', 'ทดสอบ1', '', 'อำเภอศรีบรรพต', 'พัทลุง', '93190', '2017-07-29 00:41:06', b'1'),
(360, 'acf360', 'acf360', 'N5VOH40H6', 'ตะแพนพิทยา', 'ทดสอบ1', '', 'อำเภอศรีบรรพต', 'พัทลุง', '93190', '2017-07-29 00:41:08', b'1'),
(361, 'acf361', 'acf361', 'JDG2O8EVE', 'กงหราพิชากร', 'ทดสอบ1', '', 'อำเภอกงหรา', 'พัทลุง', '93180', '2017-07-29 00:41:08', b'1'),
(362, 'acf362', 'acf362', 'T3NYS63GE', 'ชะรัดชนูปถัมภ์', 'ทดสอบ1', '', 'อำเภอกงหรา', 'พัทลุง', '93180', '2017-07-29 00:41:09', b'1'),
(363, 'acf363', 'acf363', 'N2G48MPB8', 'ตะโหมด', 'ทดสอบ1', '', 'อำเภอตะโหมด', 'พัทลุง', '93160', '2017-07-29 00:41:10', b'1'),
(364, 'acf364', 'acf364', 'YD8KMFUJ4', 'ประชาบำรุง', 'ทดสอบ1', '', 'อำเภอตะโหมด', 'พัทลุง', '93160', '2017-07-29 00:41:10', b'1'),
(365, 'acf365', 'acf365', 'D839G5YP9', 'เขาชัยสน', 'ทดสอบ1', '', 'อำเภอเขาชัยสน', 'พัทลุง', '93130', '2017-07-29 00:41:10', b'1'),
(366, 'acf366', 'acf366', 'S6FF6OEM2', 'หานโพธิ์พิทยาคม', 'ทดสอบ1', '', 'อำเภอเขาชัยสน', 'พัทลุง', '93130', '2017-07-29 00:41:10', b'1'),
(367, 'acf367', 'acf367', '3KS6TI4MG', 'บางแก้วพิทยาคม', 'ทดสอบ1', '', 'อำเภอบางแก้ว', 'พัทลุง', '93140', '2017-07-29 00:41:10', b'1'),
(368, 'acf368', 'acf368', '2DG7AC1U', 'ป่าบอนพิทยาคม', 'ทดสอบ1', '', 'อำเภอป่าบอน', 'พัทลุง', '93170', '2017-07-29 00:41:10', b'1'),
(369, 'acf369', 'acf369', 'J1ZH6NSPO', 'หารเทารังสีประชาสรรค์', 'ทดสอบ1', '', 'อำเภอปากพะยูน', 'พัทลุง', '93120', '2017-07-29 00:41:10', b'1'),
(370, 'acf370', 'acf370', '0P6JSM1SV', 'ปากพะยูนพิทยาคาร', 'ทดสอบ1', '', 'อำเภอปากพะยูน', 'พัทลุง', '93120', '2017-07-29 00:41:11', b'1'),
(371, 'acf371', 'acf371', 'CVX2BB79P', 'ควนพระสาครินทร์', 'ทดสอบ1', '', 'อำเภอปากพะยูน', 'พัทลุง', '93120', '2017-07-29 00:41:11', b'1'),
(372, 'acf372', 'acf372', '6044M8T1V', 'มัธยมเกาะหมาก', 'ทดสอบ1', '', 'อำเภอปากพะยูน', 'พัทลุง', '93120', '2017-07-29 00:41:11', b'1'),
(373, 'acf373', 'acf373', 'M546R8CVJ', 'อนุบาลพัทลุง', 'ทดสอบ1', '', 'อำเภอเมือง', 'พัทลุง', '93000', '2017-07-29 00:41:11', b'1'),
(374, 'acf374', 'acf374', 'E74796TN3', 'บ้านท่าแค (วันครู 2500)', 'ทดสอบ1', '', 'อำเภอเมือง', 'พัทลุง', '93000', '2017-07-29 00:41:11', b'1');
INSERT INTO `school` (`id`, `user`, `pass`, `code`, `display`, `group_contest`, `email`, `amper`, `changwat`, `addrcode`, `u_date`, `status`) VALUES
(375, 'acf375', 'acf375', 'IP5SMG020', 'อุบลรัตนราชกัญญาราชวิทยาลัย พัทลุง ', 'ทดสอบ1', '', 'อำเภอเมือง', 'พัทลุง', '93000', '2017-07-29 00:41:11', b'1'),
(376, 'acf376', 'acf376', '7052FG8XD', 'บ้านแม่ขรี(สวิงประชาสรรค์)', 'ทดสอบ1', '', 'อำเภอตะโหมด', 'พัทลุง', '93160', '2017-07-29 00:41:11', b'1'),
(377, 'acf377', 'acf377', 'V0XI394R5', 'บ้านร่มโพธิ์ไทร', 'ทดสอบ1', '', 'อำเภอตะโหมด', 'พัทลุง', '93160', '2017-07-29 00:41:12', b'1'),
(378, 'acf378', 'acf378', 'V323TDC41', 'บูรณะพัทศึกษามูลนิธิ', 'ทดสอบ1', '', 'อำเภอเมือง', 'พัทลุง', '93000', '2017-07-29 00:41:12', b'1'),
(379, 'acf379', 'acf379', '6PT54A08Y', 'เรวดีพัทลุง', 'ทดสอบ1', '', 'อำเภอเมือง', 'พัทลุง', '93000', '2017-07-29 00:41:12', b'1'),
(380, 'acf380', 'acf380', '80674JDON', 'อนุบาลเสริมปัญญา', 'ทดสอบ1', '', 'อำเภอเมือง', 'พัทลุง', '93000', '2017-07-29 00:41:12', b'1'),
(381, 'acf381', 'acf381', 'JJE9GNN1', 'วีรนาทศึกษามูลนิธิ', 'ทดสอบ1', '', 'อำเภอเมือง', 'พัทลุง', '93000', '2017-07-29 00:41:12', b'1'),
(382, 'acf382', 'acf382', 'GR906P42', 'มัธยมพัทลุงวิทยา', 'ทดสอบ1', '', 'อำเภอเมือง', 'พัทลุง', '93000', '2017-07-29 00:41:12', b'1'),
(383, 'acf383', 'acf383', 'CKNG78BCZ', 'บางแก้วอิสลามศึกษา', 'ทดสอบ1', '', 'อำเภอบางแก้ว', 'พัทลุง', '93140', '2017-07-29 00:41:12', b'1'),
(384, 'acf384', 'acf384', 'S6FF6OEM2', 'เทศบาลบ้านคูหาสวรรค์', 'ทดสอบ1', '', 'อำเภอเมือง', 'พัทลุง', '93000', '2017-07-29 00:41:13', b'1'),
(385, 'acf385', 'acf385', '16M619326', 'เทศบาลวัดภูผาภิมุข', 'ทดสอบ1', '', 'อำเภอเมือง', 'พัทลุง', '93000', '2017-07-29 00:41:13', b'1'),
(386, 'acf386', 'acf386', 'REINE8IA2', 'เทศบาลวัดนิโครธาราม', 'ทดสอบ1', '', 'อำเภอเมือง', 'พัทลุง', '93000', '2017-07-29 00:41:13', b'1'),
(387, 'acf387', 'acf387', '6I30DWEN0', 'เทศบาลจุ่งฮั่ว', 'ทดสอบ1', '', 'อำเภอเมือง', 'พัทลุง', '93000', '2017-07-29 00:41:13', b'1'),
(388, 'acf388', 'acf388', 'G9FR13W5', 'เทศบาลวัดนางลาด', 'ทดสอบ1', '', 'อำเภอเมือง', 'พัทลุง', '93000', '2017-07-29 00:41:13', b'1'),
(389, 'acf389', 'acf389', 'N3257F9GO', 'เทศบาลเขาชัยสน', 'ทดสอบ1', '', 'อำเภอเขาชัยสน', 'พัทลุง', '93130', '2017-07-29 00:41:13', b'1'),
(390, 'acf390', 'acf390', '73S9V5D93', 'วิทยาลัยนาฏศิลปพัทลุง', 'ทดสอบ1', '', 'อำเภอเมือง', 'พัทลุง', '93000', '2017-07-29 00:41:13', b'1'),
(391, 'acf391', 'acf391', 'A55W4JZ0N', 'เทศบาลตะโหมด', 'ทดสอบ1', '', 'อำเภอตะโหมด', 'พัทลุง', '93160', '2017-07-29 00:41:14', b'1'),
(392, 'acf392', 'acf392', '9RUXK582G', 'อนุบาลเทศบาลตำบลแม่ขรี', 'ทดสอบ1', '', 'อำเภอตะโหมด', 'พัทลุง', '93160', '2017-07-29 00:41:14', b'1'),
(393, 'acf393', 'acf393', 'R0H330986', 'ศึกษาธรรมอิสลามมูลนิธิ', 'ทดสอบ1', '', 'อำเภอกงหรา', 'พัทลุง', '93180', '2017-07-29 00:41:14', b'1'),
(394, 'acf394', 'acf394', 'I0COH3AFV', 'สันติธรรมวิทยามูลนิธิ', 'ทดสอบ1', '', 'อำเภอกงหรา', 'พัทลุง', '93180', '2017-07-29 00:41:14', b'1'),
(395, 'acf395', 'acf395', 'D48RI1SV2', 'จุฬาภรณราชวิทยาลัย ตรัง', 'ทดสอบ1', '', 'อำเภอเมือง', 'ตรัง', '92000', '2017-07-29 00:41:14', b'1'),
(396, 'acf396', 'acf396', 'VGRIEP41B', 'วิเชียรมาตุ', 'ทดสอบ1', '', 'อำเภอเมือง', 'ตรัง', '92000', '2017-07-29 00:41:14', b'1'),
(397, 'acf397', 'acf397', 'D69A7D5X', 'สภาราชินี', 'ทดสอบ1', '', 'อำเภอเมือง', 'ตรัง', '92000', '2017-07-29 00:41:14', b'1'),
(398, 'acf398', 'acf398', '3G0PE78C5', 'บูรณะรำลึก', 'ทดสอบ1', '', 'อำเภอเมือง', 'ตรัง', '92000', '2017-07-29 00:41:14', b'1'),
(399, 'acf399', 'acf399', 'O49GA5820', 'ปะเหลียนผดุงศิษย์', 'ทดสอบ1', '', 'อำเภอปะเหลียน', 'ตรัง', '92120', '2017-07-29 00:41:15', b'1'),
(400, 'acf400', 'acf400', 'O10148X28', 'ทุ่งยาววิทยา', 'ทดสอบ1', '', 'อำเภอปะเหลียน', 'ตรัง', '92120', '2017-07-29 00:41:15', b'1'),
(401, 'acf401', 'acf401', 'VP34OX46V', 'ย่านตาขาวรัฐชนูปถัมภ์', 'ทดสอบ1', '', 'อำเภอย่านตาขาว', 'ตรัง', '92140', '2017-07-29 00:41:15', b'1'),
(402, 'acf402', 'acf402', '5AZU8F1A', 'กันตังพิทยากร', 'ทดสอบ1', '', 'อำเภอกันตัง', 'ตรัง', '92110', '2017-07-29 00:41:15', b'1'),
(403, 'acf403', 'acf403', '4Z8T9976', 'จุฬาภรณราชวิทยาลัย นครศรีธรรมราช', 'ทดสอบ1', '', 'อำเภอเมือง', 'นครศรีธรรมราช', '80000', '2017-07-29 00:41:16', b'1'),
(404, 'acf404', 'acf404', '58485XWU9', 'เตรียมอุดมศึกษาภาคใต้', 'ทดสอบ1', '', 'อำเภอพระพรหม', 'นครศรีธรรมราช', '80000', '2017-07-29 00:41:16', b'1'),
(405, 'acf405', 'acf405', '5MFW2482P', 'เบญจมราชูทิศ จังหวัดนครศรีธรรมราช', 'ทดสอบ1', '', 'อำเภอเมือง', 'นครศรีธรรมราช', '80000', '2017-07-29 00:41:16', b'1'),
(406, 'acf406', 'acf406', 'Z8354K1V', 'กัลยาณีศรีธรรมราช', 'ทดสอบ1', '', 'อำเภอเมือง', 'นครศรีธรรมราช', '80000', '2017-07-29 00:41:16', b'1'),
(407, 'acf407', 'acf407', 'CM603T2F0', 'ศรีธรรมราชศึกษา', 'ทดสอบ1', '', 'อำเภอเมือง', 'นครศรีธรรมราช', '80000', '2017-07-29 00:41:16', b'1'),
(408, 'acf408', 'acf408', '8JG99BDOR', 'ทุ่งสง', 'ทดสอบ1', '', 'อำเภอทุ่งสง', 'นครศรีธรรมราช', '80110', '2017-07-29 00:41:16', b'1'),
(409, 'acf409', 'acf409', '8UH283G', 'สตรีทุ่งสง', 'ทดสอบ1', '', 'อำเภอทุ่งสง', 'นครศรีธรรมราช', '80110', '2017-07-29 00:41:16', b'1'),
(410, 'acf410', 'acf410', 'GPBGS6P6G', 'คุณเสาวรส  เกิดทรัพย์ (หัวหน้าโครงการ Education Hub)', 'ทดสอบ1', '', 'โรงเรียนสตรีภูเก็ต  ', 'ต.ตลาดใหญ่  อำเภอเมือง  ภูเก็ต', '83000', '2017-07-29 00:41:16', b'1'),
(411, 'acf411', 'acf411', '6EMAJ9P66', 'โยธินบูรณะ', 'ทดสอบ1', '', ' 1162 ถนนสามเสน แขวงถนนนครไชยศรี  ', 'เขตดุสิต กรุงเทพมหานคร', '10300', '2017-07-29 00:41:16', b'1'),
(412, 'acf412', 'acf412', 'GPBGS6P6G', 'พิชัยรัตนาคาร', 'ทดสอบ1', '', 'หมู่ที่ 1 ถนนเพชรเกษม ตำบลบางริ้น    ', 'อำเภอเมือง  ระนอง', '85000', '2017-07-29 00:41:17', b'1'),
(413, 'acf413', 'acf413', 'PWVYTOJ4J', 'โพธิสัมพันธ์พิทยาคาร', 'ทดสอบ1', '', '419 หมู่ 5 ถ.พัทยา-นาเกลือ ', 'ต.นาเกลือ อ.บางละมุง  จ.ชลบุรี', '20150', '2017-07-29 00:41:17', b'1'),
(414, 'acf414', 'acf414', '8K986T0A8', 'ปทุมเทพวิทยาคาร', 'ทดสอบ1', '', 'ถนนมิตรภาพ ตำบลโพธิ์ชัย ', 'อำเภอเมือง  หนองคาย', '43000', '2017-07-29 00:41:17', b'1'),
(415, 'acf415', 'acf415', '1I2Y22I29', 'จุฬาภรณราชวิทยาลัย มุกดาหาร', 'ทดสอบ1', '', '281 หมู่ 6 บ้านหนองหอย ต.บางทรายใหญ่ ', 'อ.เมือง จ.มุกดาหาร', '49000', '2017-07-29 00:41:17', b'1'),
(416, 'acf416', 'acf416', 'ZT81V2873', 'กันทรลักษ์วิทยา', 'ทดสอบ1', '', '443 ม.5 ถนนดำรงสถิต   ', 'ตำบลน้ำอ้อม อำเภอกันทรลักษ์  ศรีสะเกษ  ', '33110', '2017-07-29 00:41:17', b'1'),
(417, 'acf417', 'acf417', '91R8464HK', 'นารีนุกูล', 'ทดสอบ1', '', '102 ถ.แจ้งสนิท ต.ในเมือง  ', 'อ.เมือง จ.อุบลราชธานี', '34000', '2017-07-29 00:41:17', b'1'),
(418, 'acf418', 'acf418', 'U26R47FOG', 'ประสาทวิทยาคาร', 'ทดสอบ1', '', 'หมู่ที่ 1 ถนนสุรินทร์-ช่องจอม ', 'ตำบลกังแอน อำเภอปราสาท สุรินทร์   ', '32140', '2017-07-29 00:41:17', b'1'),
(419, 'acf419', 'acf419', 'D839G5YP9', 'ยุพราชวิทยาลัย', 'ทดสอบ1', '', '238 ถ.พระปกเกล้า ต.ศรีภูมิ ', 'อ.เมือง จ.เชียงใหม่ ', '50200', '2017-07-29 00:41:18', b'1'),
(420, 'acf420', 'acf420', 'KKNB77FI5', 'แม่สายประสิทธิ์ศาสตร์', 'ทดสอบ1', '', 'แม่สาย', 'เชียงราย', '57130', '2017-07-29 00:41:18', b'1'),
(421, 'acf421', 'acf421', '861T0I636', 'คุณแสงเดือน  ศิริสานต์  (หัวหน้าโครงการ Education Hub)', 'ทดสอบ1', '', 'โรงเรียนสรรพวิทยาคม', 'ตำบลแม่สอด อำเภอแม่สอด ตาก', ' 63110', '2017-07-29 00:41:18', b'1'),
(422, 'acf422', 'acf422', '6763T58CP', 'โรงเรียนในต่างประเทศ ', 'ทดสอบ1', '', '', '', '', '2017-07-29 00:41:18', b'1'),
(423, 'acf423', 'acf423', 'IKO56O70M', 'SMAN BINSUS', 'ทดสอบ1', '', '', 'INDONESIA', '', '2017-11-03 08:12:57', b'1'),
(424, 'acf424', 'acf424', '2YVX166R', 'SMA NEGERI 2 DUMAI', 'ทดสอบ1', '', '', 'INDONESIA', '', '2017-11-03 08:14:30', b'1'),
(425, 'acf425', 'acf425', '6I4C26Z8H', 'SEKOLAH MENENGAH SAINS MUAR', 'ทดสอบ1', '', '', 'MALAYSIA', '', '2017-11-03 08:16:49', b'1'),
(426, 'acf426', 'acf426', '6044M8T1V', 'SM SAINS ALAM SHAH', 'ทดสอบ1', '', '', 'MALAYSIA', '', '2017-11-03 08:18:00', b'1'),
(427, 'acf427', 'acf427', 'GIXS2BIO', 'SEKOLAH  KEBANGSAAN  TAMAN  RAKYAT', 'ทดสอบ1', '', '', 'MALAYSIA', '', '2017-11-05 13:55:00', b'1'),
(428, 'acf428', 'acf428', '2W4A5ZSNJ', 'PAYA  PRIMARY SCHOOL', 'ทดสอบ1', '', '', 'MALAYSIA', '', '2017-11-05 13:56:36', b'1'),
(429, 'acf429', 'acf429', '5O5T9EWU8', 'SMK  SULTANAH  BAHIYAH', 'ทดสอบ1', '', '', 'MALAYSIA', '', '2017-11-05 13:57:47', b'1'),
(430, 'acf431', 'acf431', '09FGO40R4', 'SM  SAINS  SULTAN  MOHAMAD  JIWA', 'ทดสอบ1', '', '', 'MALAYSIA', '', '2017-11-05 13:59:51', b'1'),
(431, 'acf432', 'acf432', '24J04K4KC', 'SEKOLAH  MENENGAH  KEBANGSAAN  SYED SIRAJUDDIN', 'ทดสอบ1', '', '', 'MALAYSIA', '', '2017-11-05 14:01:23', b'1'),
(432, 'acf433', 'acf433', 'C19GEGZ08', 'SEKOLAH  MENENGAH  KEBANGSAAN  TUNKU  PUTRA', 'ทดสอบ1', '', '', 'MALAYSIA', '', '2017-11-05 14:02:51', b'1'),
(433, 'acf434', 'acf434', 'J99F8UH3X', 'SMK  TINGGI  BATU  PAHAT', 'ทดสอบ1', '', '', 'MALAYSIA', '', '2017-11-05 14:04:32', b'1'),
(434, 'acf435', 'acf435', '3M1OM8FH0', 'ROYAL  MILITARY  COLLEGE', 'ทดสอบ1', '', '', 'MALAYSIA', '', '2017-11-05 14:05:38', b'1'),
(435, 'acf436', 'acf436', 'Y7H551X4U', 'HUTAN  KAMPONG  SECONDARY  SCHOOL', 'ทดสอบ1', '', '', 'MALAYSIA', '', '2017-11-05 14:07:24', b'1'),
(436, 'acf438', 'acf438', '8G47E9100', 'MUTIARA  SENIOR  HIGH  SCHOOL', 'ทดสอบ1', '', '', 'INDONESIA', '', '2017-11-05 14:11:10', b'1'),
(437, 'acf439', 'acf439', '7T6653KG8', 'SEKOLAH  KEBANGSAAN  SENA', 'ทดสอบ1', '', '', 'MALAYSIA', '', '2017-11-05 14:12:11', b'1'),
(438, 'acf440', 'acf440', '5MFW2482P', 'SEKOLAH  MENENGAH  SAINS TUANKU SYED  PUTRA', 'ทดสอบ1', '', '', 'MALAYSIA', '', '2017-11-05 14:14:25', b'1'),
(439, 'acf441', 'acf441', 'BTO4KJV42', 'มูลนิธิอาซิซสถาน', 'ทดสอบ1', '', 'โคกโพธิ์', 'ปัตตานี', '94180', '2017-11-05 14:16:08', b'1'),
(440, 'acf442', 'acf442', 'EBE5CV065', 'รังสีอนุสรณ์', 'ทดสอบ1', '', 'เมืองยะลา', 'ยะลา', '95000', '2017-11-05 16:50:47', b'1'),
(441, 'acf443', 'acf443', '30V41R4M4', 'ส่งเสริมวิทยามูลนิธิ', 'ทดสอบ1', '', '', 'สงขลา', '', '2017-11-06 07:51:14', b'1'),
(442, 'acf444', 'acf444', '2O38YKY1A', 'เทศบาล ๖ (อนุบาลในฝัน)', 'ทดสอบ1', '', 'หาดใหญ่', 'สงขลา', '', '2017-11-06 07:59:25', b'1'),
(443, 'acf445', 'acf445', 'X74XA7PGT', 'เทศบาล ๕ (วัดหาดใหญ่)', 'ทดสอบ1', '', 'หาดใหญ่', 'สงขลา', '', '2017-11-06 08:04:56', b'1'),
(444, 'acf446', 'acf446', 'MYJ8F40VO', 'บำรุงศึกษา', 'ทดสอบ1', '', '', 'สงขลา', '', '2017-11-06 08:09:56', b'1'),
(445, 'acf447', 'acf447', 'C81DT7TMW', 'สุราษฎร์พิทยา', 'ทดสอบ1', '', 'เมืองสุราษฎร์ธานี', 'สุราษฎร์ธานี', '', '2017-11-08 09:43:16', b'1'),
(446, 'acf448', 'acf448', 'W251OA677', 'สรรพวิทยาคม', 'ทดสอบ1', '', 'แม่สอด', 'ตาก', '63110', '2017-11-08 09:44:29', b'1'),
(447, 'acf449', 'acf449', 'XGVX3ST8K', 'สตรีภูเก็ต', 'ทดสอบ1', '', 'เมือง', 'ภูเก็ต', '', '2017-11-08 09:45:37', b'1'),
(448, 'acf450', 'acf450', 'B36NJS3U2', 'อนุบาลเรวดีศึกษา', 'ทดสอบ1', '', '', 'พัทลุง', '', '2017-11-08 10:13:56', b'1'),
(449, 'acf451', 'acf451', 'C0B1M632I', 'บ้านป่าแก่', 'ทดสอบ1', '', '', 'พัทลุง', '', '2017-11-08 10:39:35', b'1'),
(450, 'acf452', 'acf452', '5F8S9O2', 'อนุบาลป่าพะยอม', 'ทดสอบ1', '', '', 'พัทลุง', '', '2017-11-08 10:54:42', b'1'),
(451, 'acf453', 'acf453', 'SHW1KI4G6', 'ทุ่งหว้าวิทยาคาร', 'ทดสอบ1', '', 'ทุ่งหว้า', 'สตูล', '', '2017-11-08 10:58:55', b'1'),
(452, 'acf454', 'acf454', '2Y941EX06', 'SMA  NEGERI  2  DUMAI', 'ทดสอบ1', '', '', 'INDONESIA', '', '2017-11-13 10:59:55', b'1'),
(453, 'acf455', 'acf455', '7Y26CP46', 'SMAN  BINSUS', 'ทดสอบ1', '', '', 'INDONESIA', '', '2017-11-13 11:13:56', b'1'),
(454, 'acf456', 'acf456', 'VUXM01GTZ', 'MUTIARA  SENIOR  HIGH  SCHOOL', 'ทดสอบ1', '', '', 'INDONESIA', '', '2017-11-13 11:21:36', b'1'),
(455, 'acf458', 'acf458', 'J9KHD2G5K', 'SEKOLAH  KEBANGSAAN  SENA', 'ทดสอบ1', '', '', 'MALAYSIA', '', '2017-11-15 09:27:16', b'1'),
(456, 'acf459', 'acf459', '0344HX63A', 'SEKOLAH MENENGAH SAINS TUANKU SYED PUTRA', 'ทดสอบ1', '', '', 'MALAYSIA', '', '2017-11-15 09:36:42', b'1'),
(457, 'acf460', 'acf460', 'XMPUM052O', 'SEKOLAH MENENGAH SAINS MUAR', 'ทดสอบ1', '', '', 'MALAYSIA', '', '2017-11-15 09:38:03', b'1'),
(458, 'acf461', 'acf461', '3H35G072', 'SM SAINS ALAM SHAH', 'ทดสอบ1', '', '', 'MALAYSIA', '', '2017-11-15 09:38:43', b'1'),
(459, 'acf462', 'acf462', '73463ZM14', 'SEKOLAH  KEBANGSAAN  TAMAN  RAKYAT', 'ทดสอบ1', '', '', 'MALAYSIA', '', '2017-11-15 09:40:01', b'1'),
(460, 'acf464', 'acf464', '91R8464HK', 'HUTAN KAMPONG SECONDARY SCHOOL', 'ทดสอบ1', '', '', 'MALAYSIA', '', '2017-11-15 09:43:15', b'1'),
(461, 'acf465', 'acf465', 'XIGS4637', 'ROYAL MILITARY COLLEGE', 'ทดสอบ1', '', '', 'MALAYSIA', '', '2017-11-15 09:44:47', b'1'),
(462, 'acf466', 'acf466', 'TW286PBYB', 'SEKOLAH MENENGAH KEBANGSAAN TUNKU PUTRA', 'ทดสอบ1', '', '', 'MALAYSIA', '', '2017-11-17 09:49:20', b'1'),
(463, 'acf467', 'acf467', '39454OZ1', 'Furukawa Reimei Junior and Senior High School', 'ทดสอบ1', '', '', 'JAPAN', '', '2017-11-19 22:30:31', b'1'),
(464, 'acf468', 'acf468', '06V6Y107', 'SMPN 2 Dumai', 'ทดสอบ1', '', '', 'INDONESIA', '', '2017-11-29 21:33:13', b'1'),
(465, 'acf469', 'acf469', 'M8PW3381T', 'SMPN 2 Dumai', 'ทดสอบ1', '', '', 'INDONESIA', '', '2017-11-29 21:48:35', b'1'),
(466, 'acf470', 'acf470', 'K618WY54V', 'SMAN 1 Dumai', 'ทดสอบ1', '', '', 'INDONESIA', '', '2017-11-29 21:52:23', b'1'),
(467, 'acf471', 'acf471', 'B0K713A1', 'SMAN 1 Dumai', 'ทดสอบ1', '', '', 'INDONESIA', '', '2017-11-29 21:53:11', b'1'),
(468, 'acf472', 'acf472', 'FY1M2A6MX', 'สาธิตมหาวิทยาลัยราชภัฏสงขลา', 'ทดสอบ1', '', 'เมือง', 'สงขลา', '90000', '2017-12-08 15:04:07', b'1'),
(469, 'acf473', 'acf473', '5PZB45HZZ', 'SMK TINGGI BATU PAHAT', 'ทดสอบ1', '', '', '', '', '2018-01-12 14:24:32', b'1'),
(470, 'acf474', 'acf474', '0344HX63A', 'SMAN 2 Dumai', 'ทดสอบ1', '', '', '', '', '2018-01-12 15:38:03', b'1'),
(471, '0d42d2be3755969552a492e76975aa57', '0d42d2be3755969552a492e76975aa57', '23TID0545', 'โรงเรียนจุฬาภรณราชวิทยาลัย สตูล2', 'ทดสอบ1', '', 'เมือง', 'สตูล', '91110', '2018-01-12 15:38:49', b'1'),
(472, 'ab20158bdabd015f9a2524fe020371f2', 'ab20158bdabd015f9a2524fe020371f2', 'A48G22OH0', 'โรงเรียนจุฬาภรณราชวิทยาลัย สตูล', 'ทดสอบ2', 'big_xxkool@hotmail.com', 'เมือง', 'สตูล', '91110', '2018-07-22 17:49:56', b'1'),
(473, '4eae35f1b35977a00ebd8086c259d4c9', '4eae35f1b35977a00ebd8086c259d4c9', 'T7A787G2', 'www', 'ทดสอบ1', '', 'w', 'w', 'w', '2018-07-22 21:06:27', b'1');

-- --------------------------------------------------------

--
-- Table structure for table `subject`
--

CREATE TABLE `subject` (
  `id` int(11) NOT NULL,
  `code` varchar(10) DEFAULT NULL,
  `name` text,
  `level` text,
  `type` text,
  `person` int(11) DEFAULT NULL,
  `platform` text,
  `starttime` text,
  `room1` text NOT NULL,
  `n_room1` int(11) NOT NULL,
  `room2` text NOT NULL,
  `n_room2` int(11) NOT NULL,
  `room3` text NOT NULL,
  `n_room3` int(11) NOT NULL,
  `status` bit(1) DEFAULT b'1'
) ENGINE=InnoDB DEFAULT CHARSET=utf8;

--
-- Dumping data for table `subject`
--

INSERT INTO `subject` (`id`, `code`, `name`, `level`, `type`, `person`, `platform`, `starttime`, `room1`, `n_room1`, `room2`, `n_room2`, `room3`, `n_room3`, `status`) VALUES
(1, '11101', 'ทดสอบความรู้ทางวิทยาศาสตร์', 'ประถมศึกษา', 'บุคคล', 1, 'แบบทดสอบ', '10.00 น. - 11.00 น.', 'อาคาร 3 ห้อง 3402', 30, 'อาคาร 3 ห้อง 3403', 30, 'อาคาร 3 ห้อง 3404', 35, b'1'),
(2, '11201', 'ทดสอบความรู้ทางวิทยาศาสตร์', 'ม.ต้น', 'บุคคล', 1, 'แบบทดสอบ', '11.30 น. - 12.30 น.', 'อาคาร 3 ห้อง 3402', 30, 'อาคาร 3 ห้อง 3403', 30, 'อาคาร 3 ห้อง 3404', 30, b'1'),
(3, '11205', 'การแข่งขันเครื่องบินพลังยาง(บินไกล)', 'ม.ต้น', 'ทีม (2 คน)', 2, 'ภาคปฏิบัติ', '10.00 น. - 16.00 น.', 'สนามบาสเก็ตบอล, อาคารศูนย์กีฬา', 1000, '', 0, '', 0, b'1'),
(4, '11301', 'ทดสอบความรู้ทางฟิสิกส์', 'ม.ปลาย', 'บุคคล', 1, 'แบบทดสอบ', '11.30 น. - 12.30 น.', 'อาคาร 3 ห้อง 3205', 30, 'อาคาร 3 ห้อง 3206', 30, 'อาคาร 3 ห้อง 3207', 30, b'1'),
(5, '11302', 'ทดสอบความรู้ทางเคมี', 'ม.ปลาย', 'บุคคล', 1, 'แบบทดสอบ', '13.00 น. - 14.00 น.', 'อาคาร 3 ห้อง 3402', 30, 'อาคาร 3 ห้อง 3403', 30, 'อาคาร 3 ห้อง 3404', 30, b'1'),
(6, '11303', 'ทดสอบความรู้ทางชีววิทยา', 'ม.ปลาย', 'บุคคล', 1, 'แบบทดสอบ', '13.00 น. - 14.00 น.', 'อาคาร 3 ห้อง 3405', 30, 'อาคาร 3 ห้อง 3406', 30, 'อาคาร 3 ห้อง 3407', 30, b'1'),
(7, '11304', 'การแข่งขันเรือพลังงานทางเลือก', 'ม.ปลาย', 'ทีม (2 คน)', 2, 'ภาคปฏิบัติ', '10.00 น. - 16.00 น.', 'สระน้ำสวนละอองฟ้า', 1000, '', 0, '', 0, b'1'),
(8, '12101', 'ทดสอบความรู้ทางคณิตศาสตร์', 'ประถมศึกษา', 'บุคคล', 1, 'แบบทดสอบ', '10.00 น. - 11.00 น.', 'อาคาร 3 ห้อง 3202', 30, 'อาคาร 3 ห้อง 3203', 30, 'อาคาร 3 ห้อง 3204', 30, b'1'),
(9, '12102', 'คิดเลขเร็ว', 'ประถมศึกษา', 'บุคคล', 1, 'แบบทดสอบ', '10.00 น. - 11.00 น.', 'อาคาร 3 ห้อง 3205', 30, 'อาคาร 3 ห้อง 3206', 30, 'อาคาร 3 ห้อง 3207', 30, b'1'),
(10, '12201', 'ทดสอบความรู้ทางคณิตศาสตร์', 'ม.ต้น', 'บุคคล', 1, 'แบบทดสอบ', '11.30 น. - 12.30 น.', 'อาคาร 3 ห้อง 3202', 30, 'อาคาร 3 ห้อง 3203', 30, 'อาคาร 3 ห้อง 3204', 30, b'1'),
(11, '12202', 'คิดเลขเร็ว', 'ม.ต้น', 'บุคคล', 1, 'ภาคปฏิบัติ', '10.00 น. - 11.00 น.', 'ห้องเสม็ดขาว', 1000, '', 0, '', 0, b'1'),
(12, '12301', 'ทดสอบความรู้ทางคณิตศาสตร์', 'ม.ปลาย', 'บุคคล', 1, 'แบบทดสอบ', '13.00 น. - 14.00 น.', 'อาคาร 3 ห้อง 3202', 30, 'อาคาร 3 ห้อง 3203', 30, 'อาคาร 3 ห้อง 3204', 30, b'1'),
(13, '12302', 'คิดเลขเร็ว', 'ม.ปลาย', 'บุคคล', 1, 'ภาคปฏิบัติ', '13.00 น. - 14.00 น.', 'ห้องเสม็ดขาว', 1000, '', 0, '', 0, b'1'),
(14, '13101', 'ทดสอบความรู้ทางภาษาไทย', 'ประถมศึกษา', 'บุคคล', 1, 'แบบทดสอบ', '10.00 น. - 11.00 น.', 'อาคาร 3 ห้อง 3405', 30, 'อาคาร 3 ห้อง 3406', 30, 'อาคาร 3 ห้อง 3407', 30, b'1'),
(15, '13201', 'ทดสอบความรู้ทางภาษาไทย', 'ม.ต้น', 'บุคคล', 1, 'แบบทดสอบ', '11.30 น. - 12.30 น.', 'อาคาร 3 ห้อง 3405', 30, 'อาคาร 3 ห้อง 3406', 30, 'อาคาร 3 ห้อง 3407', 30, b'1'),
(16, '13301', 'ทดสอบความรู้ทางภาษาไทย', 'ม.ปลาย', 'บุคคล', 1, 'แบบทดสอบ', '14.30 น. - 15.30 น.', 'อาคาร 3 ห้อง 3204', 30, 'อาคาร 3 ห้อง 3302', 30, '', 0, b'1'),
(17, '14101', 'ทดสอบความรู้ทางสังคมศึกษา', 'ประถมศึกษา', 'บุคคล', 1, 'แบบทดสอบ', '10.00 น. - 11.00 น.', 'อาคาร 3 ห้อง 3302', 30, 'อาคาร 3 ห้อง 3303', 30, 'อาคาร 3 ห้อง 3304', 30, b'1'),
(18, '14201', 'ทดสอบความรู้ทางสังคมศึกษา', 'ม.ต้น', 'บุคคล', 1, 'แบบทดสอบ', '11.30 น. - 12.30 น.', 'อาคาร 3 ห้อง 3302', 30, 'อาคาร 3 ห้อง 3303', 30, 'อาคาร 3 ห้อง 3304', 30, b'1'),
(19, '14301', 'ทดสอบความรู้ทางสังคมศึกษา', 'ม.ปลาย', 'บุคคล', 1, 'แบบทดสอบ', '14.30 น. - 15.30 น.', 'อาคาร 3 ห้อง 3202', 30, 'อาคาร 3 ห้อง 3203', 30, '', 0, b'1'),
(20, '15101', 'ทดสอบความรู้ทางสุขศึกษา', 'ประถมศึกษา', 'บุคคล', 1, 'แบบทดสอบ', '10.00 น. - 11.00 น.', 'อาคาร 3 ห้อง 3305', 30, 'อาคาร 3 ห้อง 3306', 30, 'อาคาร 3 ห้อง 3307', 30, b'1'),
(21, '15201', 'ทดสอบความรู้ทางสุขศึกษา', 'ม.ต้น', 'บุคคล', 1, 'แบบทดสอบ', '11.30 น. - 12.30 น.', 'อาคาร 3 ห้อง 3305', 30, 'อาคาร 3 ห้อง 3306', 30, 'อาคาร 3 ห้อง 3307', 30, b'1'),
(22, '15301', 'ทดสอบความรู้ทางสุขศึกษา', 'ม.ปลาย', 'บุคคล', 1, 'แบบทดสอบ', '14.30 น. - 15.30 น.', 'อาคาร 3 ห้อง 3207', 30, 'อาคาร 3 ห้อง 3208', 30, '', 0, b'1'),
(23, '16101', 'ขับร้องเพลงไทยลูกทุ่ง ', 'ประถมศึกษา', 'บุคคล', 1, 'ภาคปฏิบัติ', '09.00 น. เป็นต้นไป', 'ชั้นล่าง หออาดัง', 1000, '', 0, '', 0, b'1'),
(24, '16102', 'วาดภาพด้วยสีไม้', 'ประถมศึกษา', 'บุคคล', 1, 'ภาคปฏิบัติ', '09.00 น. - 12.00 น.', 'ลานศิลป์ อาคารศูนย์กีฬา', 1000, '', 0, '', 0, b'1'),
(25, '16201', 'ขับร้องเพลงไทยลูกทุ่ง ', 'ม.ต้น', 'บุคคล', 1, 'ภาคปฏิบัติ', '09.00 น. เป็นต้นไป', 'ชั้นล่าง หอธารปลิว', 1000, '', 0, '', 0, b'1'),
(26, '16202', 'วาดภาพด้วยสีโปสเตอร์', 'ม.ต้น', 'บุคคล', 1, 'ภาคปฏิบัติ', '09.00 น. - 12.00 น.', 'ลานศิลป์ อาคารศูนย์กีฬา', 1000, '', 0, '', 0, b'1'),
(27, '16301', 'ขับร้องเพลงไทยลูกทุ่ง', 'ม.ปลาย', 'บุคคล', 1, 'ภาคปฏิบัติ', '10.00 น. เป็นต้นไป', 'หอประชุม 20 ปีฯ', 1000, '', 0, '', 0, b'1'),
(28, '16302', 'วาดภาพด้วยสีโปสเตอร์', 'ม.ปลาย', 'บุคคล', 1, 'ภาคปฏิบัติ', '09.00 น. - 12.00 น.', 'ลานศิลป์ อาคารศูนย์กีฬา', 1000, '', 0, '', 0, b'1'),
(29, '17101', 'การใช้งานโปรแกรม MS Paint Windows 10', 'ประถมศึกษา', 'บุคคล', 1, 'ภาคปฏิบัติ', '10.00 น. - 12.00 น.', 'ห้องคอมพิวเตอร์ 2', 24, 'ห้องคอมพิวเตอร์ 3', 40, '', 0, b'1'),
(30, '17201', 'การสร้าง Web Page ด้วย Web Editor', 'ม.ต้น', 'ทีม (2 คน)', 2, 'ภาคปฏิบัติ', '13.00 น. - 15.00 น.', 'ห้องคอมพิวเตอร์ 1', 16, 'ห้องคอมพิวเตอร์ 3', 21, '', 0, b'1'),
(31, '17301', 'การเขียนโปรแกรมคอมพิวเตอร์', 'ม.ปลาย', 'บุคคล', 1, 'ภาคปฏิบัติ', '10.00 น. - 12.00 น.', 'ห้องคอมพิวเตอร์ 1', 30, '', 0, '', 0, b'1'),
(32, '21101', 'Science Competition', 'Grade 4-6', 'Individual', 1, 'Written', '10.00 AM. - 11.00 AM.', 'Building 3 Room 3408', 30, '', 0, '', 0, b'1'),
(33, '21201', 'Science Competition', 'Grade 7-9', 'Individual', 1, 'Written', '11.30 AM. - 12.30 PM.', 'Building 3 Room 3308', 30, 'Building 3 Room 3208', 30, '', 0, b'1'),
(34, '21301', 'Science Competition', 'Grade 10-12', 'Individual', 1, 'Written', '01.00 PM. - 03.00 PM.', 'Building 3 Room 3205', 30, 'Building 3 Room 3206', 30, '', 0, b'1'),
(35, '22101', 'Mathematics Competition', 'Grade 4-6', 'Individual', 1, 'Written', '11.30 AM. - 12.30 PM.', 'Building 3 Room 3408', 30, '', 0, '', 0, b'1'),
(36, '22201', 'Mathematics Competition', 'Grade 7-9', 'Individual', 1, 'Written', '01.00 PM. - 02.00 PM.', 'Building 3 Room 3408', 30, 'Building 3 Room 3308', 30, '', 0, b'1'),
(37, '22301', 'Mathematics Competition', 'Grade 10-12', 'Individual', 1, 'Written', '01.00 PM. - 02.00 PM.', 'Building 3 Room 3207', 30, 'Building 3 Room 3208', 34, '', 0, b'1'),
(38, '24301', 'ASEAN Quiz Competition', 'Grade 10-12', 'Individual', 1, 'Written', '01.00 PM. - 02.00 PM.', 'Building 3 Room 3302', 30, 'Building 3 Room 3303', 30, '', 0, b'1'),
(39, '26101', 'Colored Pencils Drawing Competition', 'Grade 4-6', 'Individual', 1, 'Practice', '09.00 AM. - 12.00 PM.', 'Art Space', 1000, '', 0, '', 0, b'1'),
(40, '26201', 'Poster Color Drawing Competition', 'Grade 7-9', 'Individual', 1, 'Practice', '09.00 AM. - 12.00 PM.', 'Art Space', 1000, '', 0, '', 0, b'1'),
(41, '26301', 'Poster Color Drawing Competition', 'Grade 10-12', 'Individual', 1, 'Practice', '09.00 AM. - 12.00 PM.', 'Art Space', 1000, '', 0, '', 0, b'1'),
(42, '28101', 'English Proficiency Competition', 'Grade 4-6', 'Individual', 1, 'Written', '10.00 AM. - 11.00 AM.', 'Building 3 Room 3308', 30, 'Building 3 Room 3208', 30, '', 0, b'1'),
(43, '28201', 'English Proficiency Competition', 'Grade 7-9', 'Individual', 1, 'Written', '01.00 PM. - 02.00 PM.', 'Building 3 Room 3304', 30, 'Building 3 Room 3305', 30, '', 0, b'1'),
(44, '28301', 'English Proficiency Competition', 'Grade 10-12', 'Individual', 1, 'Written', '01.00 PM. - 02.00 PM.', 'Building 3 Room 3306', 30, 'Building 3 Room 3307', 30, '', 0, b'1'),
(45, '28202', 'Speech Competition', 'Grade 7-9', 'Individual', 1, 'Practice', '10.00 AM. - 03.00 PM.', 'Building 3 Room 3103, 3104', 1000, '', 0, '', 0, b'1'),
(46, '28302', 'Speech Competition', 'Grade 10-12', 'Individual', 1, 'Practice', '10.00 AM. - 03.00 PM.', 'Building 3 Room 3105, 3106', 1000, '', 0, '', 0, b'1'),
(47, '28203', 'Spelling Bee Competition', 'Grade 7-9', 'Individual', 1, 'Practical', '10.00 AM. - 12.00 PM.', 'Kankrao Room', 1000, '', 0, '', 0, b'1'),
(48, '28303', 'Spelling Bee Competition', 'Grade 10-12', 'Individual', 1, 'Practical', '01.00 PM. - 03.00 PM.', 'Kankrao Room', 1000, '', 0, '', 0, b'1');

--
-- Indexes for dumped tables
--

--
-- Indexes for table `config`
--
ALTER TABLE `config`
  ADD PRIMARY KEY (`meta`);

--
-- Indexes for table `contest`
--
ALTER TABLE `contest`
  ADD PRIMARY KEY (`code`);

--
-- Indexes for table `contest_group`
--
ALTER TABLE `contest_group`
  ADD PRIMARY KEY (`id`);

--
-- Indexes for table `register`
--
ALTER TABLE `register`
  ADD PRIMARY KEY (`name`,`id`) USING BTREE,
  ADD UNIQUE KEY `id` (`id`);
ALTER TABLE `register` ADD FULLTEXT KEY `name` (`name`);

--
-- Indexes for table `register_teacher`
--
ALTER TABLE `register_teacher`
  ADD PRIMARY KEY (`id`);

--
-- Indexes for table `room`
--
ALTER TABLE `room`
  ADD PRIMARY KEY (`id`);

--
-- Indexes for table `room_contest`
--
ALTER TABLE `room_contest`
  ADD PRIMARY KEY (`id`);

--
-- Indexes for table `school`
--
ALTER TABLE `school`
  ADD PRIMARY KEY (`id`);

--
-- Indexes for table `subject`
--
ALTER TABLE `subject`
  ADD PRIMARY KEY (`id`);

--
-- AUTO_INCREMENT for dumped tables
--

--
-- AUTO_INCREMENT for table `contest_group`
--
ALTER TABLE `contest_group`
  MODIFY `id` int(11) NOT NULL AUTO_INCREMENT, AUTO_INCREMENT=59;
--
-- AUTO_INCREMENT for table `register`
--
ALTER TABLE `register`
  MODIFY `id` int(11) NOT NULL AUTO_INCREMENT;
--
-- AUTO_INCREMENT for table `register_teacher`
--
ALTER TABLE `register_teacher`
  MODIFY `id` int(11) NOT NULL AUTO_INCREMENT;
--
-- AUTO_INCREMENT for table `room`
--
ALTER TABLE `room`
  MODIFY `id` int(11) NOT NULL AUTO_INCREMENT, AUTO_INCREMENT=46;
--
-- AUTO_INCREMENT for table `room_contest`
--
ALTER TABLE `room_contest`
  MODIFY `id` int(11) NOT NULL AUTO_INCREMENT, AUTO_INCREMENT=101;
--
-- AUTO_INCREMENT for table `school`
--
ALTER TABLE `school`
  MODIFY `id` int(11) NOT NULL AUTO_INCREMENT, AUTO_INCREMENT=474;
--
-- AUTO_INCREMENT for table `subject`
--
ALTER TABLE `subject`
  MODIFY `id` int(11) NOT NULL AUTO_INCREMENT, AUTO_INCREMENT=49;
/*!40101 SET CHARACTER_SET_CLIENT=@OLD_CHARACTER_SET_CLIENT */;
/*!40101 SET CHARACTER_SET_RESULTS=@OLD_CHARACTER_SET_RESULTS */;
/*!40101 SET COLLATION_CONNECTION=@OLD_COLLATION_CONNECTION */;
